pokemon_id,game_index
1,153
1,153
1,153
1,1
1,1
1,1
1,1
1,1
1,1
1,1
1,1
1,1
1,1
1,1
1,1
1,1
1,1
1,1
1,1
1,1
2,9
2,9
2,9
2,2
2,2
2,2
2,2
2,2
2,2
2,2
2,2
2,2
2,2
2,2
2,2
2,2
2,2
2,2
2,2
2,2
3,154
3,154
3,154
3,3
3,3
3,3
3,3
3,3
3,3
3,3
3,3
3,3
3,3
3,3
3,3
3,3
3,3
3,3
3,3
3,3
4,176
4,176
4,176
4,4
4,4
4,4
4,4
4,4
4,4
4,4
4,4
4,4
4,4
4,4
4,4
4,4
4,4
4,4
4,4
4,4
5,178
5,178
5,178
5,5
5,5
5,5
5,5
5,5
5,5
5,5
5,5
5,5
5,5
5,5
5,5
5,5
5,5
5,5
5,5
5,5
6,180
6,180
6,180
6,6
6,6
6,6
6,6
6,6
6,6
6,6
6,6
6,6
6,6
6,6
6,6
6,6
6,6
6,6
6,6
6,6
7,177
7,177
7,177
7,7
7,7
7,7
7,7
7,7
7,7
7,7
7,7
7,7
7,7
7,7
7,7
7,7
7,7
7,7
7,7
7,7
8,179
8,179
8,179
8,8
8,8
8,8
8,8
8,8
8,8
8,8
8,8
8,8
8,8
8,8
8,8
8,8
8,8
8,8
8,8
8,8
9,28
9,28
9,28
9,9
9,9
9,9
9,9
9,9
9,9
9,9
9,9
9,9
9,9
9,9
9,9
9,9
9,9
9,9
9,9
9,9
10,123
10,123
10,123
10,10
10,10
10,10
10,10
10,10
10,10
10,10
10,10
10,10
10,10
10,10
10,10
10,10
10,10
10,10
10,10
10,10
11,124
11,124
11,124
11,11
11,11
11,11
11,11
11,11
11,11
11,11
11,11
11,11
11,11
11,11
11,11
11,11
11,11
11,11
11,11
11,11
12,125
12,125
12,125
12,12
12,12
12,12
12,12
12,12
12,12
12,12
12,12
12,12
12,12
12,12
12,12
12,12
12,12
12,12
12,12
12,12
13,112
13,112
13,112
13,13
13,13
13,13
13,13
13,13
13,13
13,13
13,13
13,13
13,13
13,13
13,13
13,13
13,13
13,13
13,13
13,13
14,113
14,113
14,113
14,14
14,14
14,14
14,14
14,14
14,14
14,14
14,14
14,14
14,14
14,14
14,14
14,14
14,14
14,14
14,14
14,14
15,114
15,114
15,114
15,15
15,15
15,15
15,15
15,15
15,15
15,15
15,15
15,15
15,15
15,15
15,15
15,15
15,15
15,15
15,15
15,15
16,36
16,36
16,36
16,16
16,16
16,16
16,16
16,16
16,16
16,16
16,16
16,16
16,16
16,16
16,16
16,16
16,16
16,16
16,16
16,16
17,150
17,150
17,150
17,17
17,17
17,17
17,17
17,17
17,17
17,17
17,17
17,17
17,17
17,17
17,17
17,17
17,17
17,17
17,17
17,17
18,151
18,151
18,151
18,18
18,18
18,18
18,18
18,18
18,18
18,18
18,18
18,18
18,18
18,18
18,18
18,18
18,18
18,18
18,18
18,18
19,165
19,165
19,165
19,19
19,19
19,19
19,19
19,19
19,19
19,19
19,19
19,19
19,19
19,19
19,19
19,19
19,19
19,19
19,19
19,19
20,166
20,166
20,166
20,20
20,20
20,20
20,20
20,20
20,20
20,20
20,20
20,20
20,20
20,20
20,20
20,20
20,20
20,20
20,20
20,20
21,5
21,5
21,5
21,21
21,21
21,21
21,21
21,21
21,21
21,21
21,21
21,21
21,21
21,21
21,21
21,21
21,21
21,21
21,21
21,21
22,35
22,35
22,35
22,22
22,22
22,22
22,22
22,22
22,22
22,22
22,22
22,22
22,22
22,22
22,22
22,22
22,22
22,22
22,22
22,22
23,108
23,108
23,108
23,23
23,23
23,23
23,23
23,23
23,23
23,23
23,23
23,23
23,23
23,23
23,23
23,23
23,23
23,23
23,23
23,23
24,45
24,45
24,45
24,24
24,24
24,24
24,24
24,24
24,24
24,24
24,24
24,24
24,24
24,24
24,24
24,24
24,24
24,24
24,24
24,24
25,84
25,84
25,84
25,25
25,25
25,25
25,25
25,25
25,25
25,25
25,25
25,25
25,25
25,25
25,25
25,25
25,25
25,25
25,25
25,25
26,85
26,85
26,85
26,26
26,26
26,26
26,26
26,26
26,26
26,26
26,26
26,26
26,26
26,26
26,26
26,26
26,26
26,26
26,26
26,26
27,96
27,96
27,96
27,27
27,27
27,27
27,27
27,27
27,27
27,27
27,27
27,27
27,27
27,27
27,27
27,27
27,27
27,27
27,27
27,27
28,97
28,97
28,97
28,28
28,28
28,28
28,28
28,28
28,28
28,28
28,28
28,28
28,28
28,28
28,28
28,28
28,28
28,28
28,28
28,28
29,15
29,15
29,15
29,29
29,29
29,29
29,29
29,29
29,29
29,29
29,29
29,29
29,29
29,29
29,29
29,29
29,29
29,29
29,29
29,29
30,168
30,168
30,168
30,30
30,30
30,30
30,30
30,30
30,30
30,30
30,30
30,30
30,30
30,30
30,30
30,30
30,30
30,30
30,30
30,30
31,16
31,16
31,16
31,31
31,31
31,31
31,31
31,31
31,31
31,31
31,31
31,31
31,31
31,31
31,31
31,31
31,31
31,31
31,31
31,31
32,3
32,3
32,3
32,32
32,32
32,32
32,32
32,32
32,32
32,32
32,32
32,32
32,32
32,32
32,32
32,32
32,32
32,32
32,32
32,32
33,167
33,167
33,167
33,33
33,33
33,33
33,33
33,33
33,33
33,33
33,33
33,33
33,33
33,33
33,33
33,33
33,33
33,33
33,33
33,33
34,7
34,7
34,7
34,34
34,34
34,34
34,34
34,34
34,34
34,34
34,34
34,34
34,34
34,34
34,34
34,34
34,34
34,34
34,34
34,34
35,4
35,4
35,4
35,35
35,35
35,35
35,35
35,35
35,35
35,35
35,35
35,35
35,35
35,35
35,35
35,35
35,35
35,35
35,35
35,35
36,142
36,142
36,142
36,36
36,36
36,36
36,36
36,36
36,36
36,36
36,36
36,36
36,36
36,36
36,36
36,36
36,36
36,36
36,36
36,36
37,82
37,82
37,82
37,37
37,37
37,37
37,37
37,37
37,37
37,37
37,37
37,37
37,37
37,37
37,37
37,37
37,37
37,37
37,37
37,37
38,83
38,83
38,83
38,38
38,38
38,38
38,38
38,38
38,38
38,38
38,38
38,38
38,38
38,38
38,38
38,38
38,38
38,38
38,38
38,38
39,100
39,100
39,100
39,39
39,39
39,39
39,39
39,39
39,39
39,39
39,39
39,39
39,39
39,39
39,39
39,39
39,39
39,39
39,39
39,39
40,101
40,101
40,101
40,40
40,40
40,40
40,40
40,40
40,40
40,40
40,40
40,40
40,40
40,40
40,40
40,40
40,40
40,40
40,40
40,40
41,107
41,107
41,107
41,41
41,41
41,41
41,41
41,41
41,41
41,41
41,41
41,41
41,41
41,41
41,41
41,41
41,41
41,41
41,41
41,41
42,130
42,130
42,130
42,42
42,42
42,42
42,42
42,42
42,42
42,42
42,42
42,42
42,42
42,42
42,42
42,42
42,42
42,42
42,42
42,42
43,185
43,185
43,185
43,43
43,43
43,43
43,43
43,43
43,43
43,43
43,43
43,43
43,43
43,43
43,43
43,43
43,43
43,43
43,43
43,43
44,186
44,186
44,186
44,44
44,44
44,44
44,44
44,44
44,44
44,44
44,44
44,44
44,44
44,44
44,44
44,44
44,44
44,44
44,44
44,44
45,187
45,187
45,187
45,45
45,45
45,45
45,45
45,45
45,45
45,45
45,45
45,45
45,45
45,45
45,45
45,45
45,45
45,45
45,45
45,45
46,109
46,109
46,109
46,46
46,46
46,46
46,46
46,46
46,46
46,46
46,46
46,46
46,46
46,46
46,46
46,46
46,46
46,46
46,46
46,46
47,46
47,46
47,46
47,47
47,47
47,47
47,47
47,47
47,47
47,47
47,47
47,47
47,47
47,47
47,47
47,47
47,47
47,47
47,47
47,47
48,65
48,65
48,65
48,48
48,48
48,48
48,48
48,48
48,48
48,48
48,48
48,48
48,48
48,48
48,48
48,48
48,48
48,48
48,48
48,48
49,119
49,119
49,119
49,49
49,49
49,49
49,49
49,49
49,49
49,49
49,49
49,49
49,49
49,49
49,49
49,49
49,49
49,49
49,49
49,49
50,59
50,59
50,59
50,50
50,50
50,50
50,50
50,50
50,50
50,50
50,50
50,50
50,50
50,50
50,50
50,50
50,50
50,50
50,50
50,50
51,118
51,118
51,118
51,51
51,51
51,51
51,51
51,51
51,51
51,51
51,51
51,51
51,51
51,51
51,51
51,51
51,51
51,51
51,51
51,51
52,77
52,77
52,77
52,52
52,52
52,52
52,52
52,52
52,52
52,52
52,52
52,52
52,52
52,52
52,52
52,52
52,52
52,52
52,52
52,52
53,144
53,144
53,144
53,53
53,53
53,53
53,53
53,53
53,53
53,53
53,53
53,53
53,53
53,53
53,53
53,53
53,53
53,53
53,53
53,53
54,47
54,47
54,47
54,54
54,54
54,54
54,54
54,54
54,54
54,54
54,54
54,54
54,54
54,54
54,54
54,54
54,54
54,54
54,54
54,54
55,128
55,128
55,128
55,55
55,55
55,55
55,55
55,55
55,55
55,55
55,55
55,55
55,55
55,55
55,55
55,55
55,55
55,55
55,55
55,55
56,57
56,57
56,57
56,56
56,56
56,56
56,56
56,56
56,56
56,56
56,56
56,56
56,56
56,56
56,56
56,56
56,56
56,56
56,56
56,56
57,117
57,117
57,117
57,57
57,57
57,57
57,57
57,57
57,57
57,57
57,57
57,57
57,57
57,57
57,57
57,57
57,57
57,57
57,57
57,57
58,33
58,33
58,33
58,58
58,58
58,58
58,58
58,58
58,58
58,58
58,58
58,58
58,58
58,58
58,58
58,58
58,58
58,58
58,58
58,58
59,20
59,20
59,20
59,59
59,59
59,59
59,59
59,59
59,59
59,59
59,59
59,59
59,59
59,59
59,59
59,59
59,59
59,59
59,59
59,59
60,71
60,71
60,71
60,60
60,60
60,60
60,60
60,60
60,60
60,60
60,60
60,60
60,60
60,60
60,60
60,60
60,60
60,60
60,60
60,60
61,110
61,110
61,110
61,61
61,61
61,61
61,61
61,61
61,61
61,61
61,61
61,61
61,61
61,61
61,61
61,61
61,61
61,61
61,61
61,61
62,111
62,111
62,111
62,62
62,62
62,62
62,62
62,62
62,62
62,62
62,62
62,62
62,62
62,62
62,62
62,62
62,62
62,62
62,62
62,62
63,148
63,148
63,148
63,63
63,63
63,63
63,63
63,63
63,63
63,63
63,63
63,63
63,63
63,63
63,63
63,63
63,63
63,63
63,63
63,63
64,38
64,38
64,38
64,64
64,64
64,64
64,64
64,64
64,64
64,64
64,64
64,64
64,64
64,64
64,64
64,64
64,64
64,64
64,64
64,64
65,149
65,149
65,149
65,65
65,65
65,65
65,65
65,65
65,65
65,65
65,65
65,65
65,65
65,65
65,65
65,65
65,65
65,65
65,65
65,65
66,106
66,106
66,106
66,66
66,66
66,66
66,66
66,66
66,66
66,66
66,66
66,66
66,66
66,66
66,66
66,66
66,66
66,66
66,66
66,66
67,41
67,41
67,41
67,67
67,67
67,67
67,67
67,67
67,67
67,67
67,67
67,67
67,67
67,67
67,67
67,67
67,67
67,67
67,67
67,67
68,126
68,126
68,126
68,68
68,68
68,68
68,68
68,68
68,68
68,68
68,68
68,68
68,68
68,68
68,68
68,68
68,68
68,68
68,68
68,68
69,188
69,188
69,188
69,69
69,69
69,69
69,69
69,69
69,69
69,69
69,69
69,69
69,69
69,69
69,69
69,69
69,69
69,69
69,69
69,69
70,189
70,189
70,189
70,70
70,70
70,70
70,70
70,70
70,70
70,70
70,70
70,70
70,70
70,70
70,70
70,70
70,70
70,70
70,70
70,70
71,190
71,190
71,190
71,71
71,71
71,71
71,71
71,71
71,71
71,71
71,71
71,71
71,71
71,71
71,71
71,71
71,71
71,71
71,71
71,71
72,24
72,24
72,24
72,72
72,72
72,72
72,72
72,72
72,72
72,72
72,72
72,72
72,72
72,72
72,72
72,72
72,72
72,72
72,72
72,72
73,155
73,155
73,155
73,73
73,73
73,73
73,73
73,73
73,73
73,73
73,73
73,73
73,73
73,73
73,73
73,73
73,73
73,73
73,73
73,73
74,169
74,169
74,169
74,74
74,74
74,74
74,74
74,74
74,74
74,74
74,74
74,74
74,74
74,74
74,74
74,74
74,74
74,74
74,74
74,74
75,39
75,39
75,39
75,75
75,75
75,75
75,75
75,75
75,75
75,75
75,75
75,75
75,75
75,75
75,75
75,75
75,75
75,75
75,75
75,75
76,49
76,49
76,49
76,76
76,76
76,76
76,76
76,76
76,76
76,76
76,76
76,76
76,76
76,76
76,76
76,76
76,76
76,76
76,76
76,76
77,163
77,163
77,163
77,77
77,77
77,77
77,77
77,77
77,77
77,77
77,77
77,77
77,77
77,77
77,77
77,77
77,77
77,77
77,77
77,77
78,164
78,164
78,164
78,78
78,78
78,78
78,78
78,78
78,78
78,78
78,78
78,78
78,78
78,78
78,78
78,78
78,78
78,78
78,78
78,78
79,37
79,37
79,37
79,79
79,79
79,79
79,79
79,79
79,79
79,79
79,79
79,79
79,79
79,79
79,79
79,79
79,79
79,79
79,79
79,79
80,8
80,8
80,8
80,80
80,80
80,80
80,80
80,80
80,80
80,80
80,80
80,80
80,80
80,80
80,80
80,80
80,80
80,80
80,80
80,80
81,173
81,173
81,173
81,81
81,81
81,81
81,81
81,81
81,81
81,81
81,81
81,81
81,81
81,81
81,81
81,81
81,81
81,81
81,81
81,81
82,54
82,54
82,54
82,82
82,82
82,82
82,82
82,82
82,82
82,82
82,82
82,82
82,82
82,82
82,82
82,82
82,82
82,82
82,82
82,82
83,64
83,64
83,64
83,83
83,83
83,83
83,83
83,83
83,83
83,83
83,83
83,83
83,83
83,83
83,83
83,83
83,83
83,83
83,83
83,83
84,70
84,70
84,70
84,84
84,84
84,84
84,84
84,84
84,84
84,84
84,84
84,84
84,84
84,84
84,84
84,84
84,84
84,84
84,84
84,84
85,116
85,116
85,116
85,85
85,85
85,85
85,85
85,85
85,85
85,85
85,85
85,85
85,85
85,85
85,85
85,85
85,85
85,85
85,85
85,85
86,58
86,58
86,58
86,86
86,86
86,86
86,86
86,86
86,86
86,86
86,86
86,86
86,86
86,86
86,86
86,86
86,86
86,86
86,86
86,86
87,120
87,120
87,120
87,87
87,87
87,87
87,87
87,87
87,87
87,87
87,87
87,87
87,87
87,87
87,87
87,87
87,87
87,87
87,87
87,87
88,13
88,13
88,13
88,88
88,88
88,88
88,88
88,88
88,88
88,88
88,88
88,88
88,88
88,88
88,88
88,88
88,88
88,88
88,88
88,88
89,136
89,136
89,136
89,89
89,89
89,89
89,89
89,89
89,89
89,89
89,89
89,89
89,89
89,89
89,89
89,89
89,89
89,89
89,89
89,89
90,23
90,23
90,23
90,90
90,90
90,90
90,90
90,90
90,90
90,90
90,90
90,90
90,90
90,90
90,90
90,90
90,90
90,90
90,90
90,90
91,139
91,139
91,139
91,91
91,91
91,91
91,91
91,91
91,91
91,91
91,91
91,91
91,91
91,91
91,91
91,91
91,91
91,91
91,91
91,91
92,25
92,25
92,25
92,92
92,92
92,92
92,92
92,92
92,92
92,92
92,92
92,92
92,92
92,92
92,92
92,92
92,92
92,92
92,92
92,92
93,147
93,147
93,147
93,93
93,93
93,93
93,93
93,93
93,93
93,93
93,93
93,93
93,93
93,93
93,93
93,93
93,93
93,93
93,93
93,93
94,14
94,14
94,14
94,94
94,94
94,94
94,94
94,94
94,94
94,94
94,94
94,94
94,94
94,94
94,94
94,94
94,94
94,94
94,94
94,94
95,34
95,34
95,34
95,95
95,95
95,95
95,95
95,95
95,95
95,95
95,95
95,95
95,95
95,95
95,95
95,95
95,95
95,95
95,95
95,95
96,48
96,48
96,48
96,96
96,96
96,96
96,96
96,96
96,96
96,96
96,96
96,96
96,96
96,96
96,96
96,96
96,96
96,96
96,96
96,96
97,129
97,129
97,129
97,97
97,97
97,97
97,97
97,97
97,97
97,97
97,97
97,97
97,97
97,97
97,97
97,97
97,97
97,97
97,97
97,97
98,78
98,78
98,78
98,98
98,98
98,98
98,98
98,98
98,98
98,98
98,98
98,98
98,98
98,98
98,98
98,98
98,98
98,98
98,98
98,98
99,138
99,138
99,138
99,99
99,99
99,99
99,99
99,99
99,99
99,99
99,99
99,99
99,99
99,99
99,99
99,99
99,99
99,99
99,99
99,99
100,6
100,6
100,6
100,100
100,100
100,100
100,100
100,100
100,100
100,100
100,100
100,100
100,100
100,100
100,100
100,100
100,100
100,100
100,100
100,100
101,141
101,141
101,141
101,101
101,101
101,101
101,101
101,101
101,101
101,101
101,101
101,101
101,101
101,101
101,101
101,101
101,101
101,101
101,101
101,101
102,12
102,12
102,12
102,102
102,102
102,102
102,102
102,102
102,102
102,102
102,102
102,102
102,102
102,102
102,102
102,102
102,102
102,102
102,102
102,102
103,10
103,10
103,10
103,103
103,103
103,103
103,103
103,103
103,103
103,103
103,103
103,103
103,103
103,103
103,103
103,103
103,103
103,103
103,103
103,103
104,17
104,17
104,17
104,104
104,104
104,104
104,104
104,104
104,104
104,104
104,104
104,104
104,104
104,104
104,104
104,104
104,104
104,104
104,104
104,104
105,145
105,145
105,145
105,105
105,105
105,105
105,105
105,105
105,105
105,105
105,105
105,105
105,105
105,105
105,105
105,105
105,105
105,105
105,105
105,105
106,43
106,43
106,43
106,106
106,106
106,106
106,106
106,106
106,106
106,106
106,106
106,106
106,106
106,106
106,106
106,106
106,106
106,106
106,106
106,106
107,44
107,44
107,44
107,107
107,107
107,107
107,107
107,107
107,107
107,107
107,107
107,107
107,107
107,107
107,107
107,107
107,107
107,107
107,107
107,107
108,11
108,11
108,11
108,108
108,108
108,108
108,108
108,108
108,108
108,108
108,108
108,108
108,108
108,108
108,108
108,108
108,108
108,108
108,108
108,108
109,55
109,55
109,55
109,109
109,109
109,109
109,109
109,109
109,109
109,109
109,109
109,109
109,109
109,109
109,109
109,109
109,109
109,109
109,109
109,109
110,143
110,143
110,143
110,110
110,110
110,110
110,110
110,110
110,110
110,110
110,110
110,110
110,110
110,110
110,110
110,110
110,110
110,110
110,110
110,110
111,18
111,18
111,18
111,111
111,111
111,111
111,111
111,111
111,111
111,111
111,111
111,111
111,111
111,111
111,111
111,111
111,111
111,111
111,111
111,111
112,1
112,1
112,1
112,112
112,112
112,112
112,112
112,112
112,112
112,112
112,112
112,112
112,112
112,112
112,112
112,112
112,112
112,112
112,112
112,112
113,40
113,40
113,40
113,113
113,113
113,113
113,113
113,113
113,113
113,113
113,113
113,113
113,113
113,113
113,113
113,113
113,113
113,113
113,113
113,113
114,30
114,30
114,30
114,114
114,114
114,114
114,114
114,114
114,114
114,114
114,114
114,114
114,114
114,114
114,114
114,114
114,114
114,114
114,114
114,114
115,2
115,2
115,2
115,115
115,115
115,115
115,115
115,115
115,115
115,115
115,115
115,115
115,115
115,115
115,115
115,115
115,115
115,115
115,115
115,115
116,92
116,92
116,92
116,116
116,116
116,116
116,116
116,116
116,116
116,116
116,116
116,116
116,116
116,116
116,116
116,116
116,116
116,116
116,116
116,116
117,93
117,93
117,93
117,117
117,117
117,117
117,117
117,117
117,117
117,117
117,117
117,117
117,117
117,117
117,117
117,117
117,117
117,117
117,117
117,117
118,157
118,157
118,157
118,118
118,118
118,118
118,118
118,118
118,118
118,118
118,118
118,118
118,118
118,118
118,118
118,118
118,118
118,118
118,118
118,118
119,158
119,158
119,158
119,119
119,119
119,119
119,119
119,119
119,119
119,119
119,119
119,119
119,119
119,119
119,119
119,119
119,119
119,119
119,119
119,119
120,27
120,27
120,27
120,120
120,120
120,120
120,120
120,120
120,120
120,120
120,120
120,120
120,120
120,120
120,120
120,120
120,120
120,120
120,120
120,120
121,152
121,152
121,152
121,121
121,121
121,121
121,121
121,121
121,121
121,121
121,121
121,121
121,121
121,121
121,121
121,121
121,121
121,121
121,121
121,121
122,42
122,42
122,42
122,122
122,122
122,122
122,122
122,122
122,122
122,122
122,122
122,122
122,122
122,122
122,122
122,122
122,122
122,122
122,122
122,122
123,26
123,26
123,26
123,123
123,123
123,123
123,123
123,123
123,123
123,123
123,123
123,123
123,123
123,123
123,123
123,123
123,123
123,123
123,123
123,123
124,72
124,72
124,72
124,124
124,124
124,124
124,124
124,124
124,124
124,124
124,124
124,124
124,124
124,124
124,124
124,124
124,124
124,124
124,124
124,124
125,53
125,53
125,53
125,125
125,125
125,125
125,125
125,125
125,125
125,125
125,125
125,125
125,125
125,125
125,125
125,125
125,125
125,125
125,125
125,125
126,51
126,51
126,51
126,126
126,126
126,126
126,126
126,126
126,126
126,126
126,126
126,126
126,126
126,126
126,126
126,126
126,126
126,126
126,126
126,126
127,29
127,29
127,29
127,127
127,127
127,127
127,127
127,127
127,127
127,127
127,127
127,127
127,127
127,127
127,127
127,127
127,127
127,127
127,127
127,127
128,60
128,60
128,60
128,128
128,128
128,128
128,128
128,128
128,128
128,128
128,128
128,128
128,128
128,128
128,128
128,128
128,128
128,128
128,128
128,128
129,133
129,133
129,133
129,129
129,129
129,129
129,129
129,129
129,129
129,129
129,129
129,129
129,129
129,129
129,129
129,129
129,129
129,129
129,129
129,129
130,22
130,22
130,22
130,130
130,130
130,130
130,130
130,130
130,130
130,130
130,130
130,130
130,130
130,130
130,130
130,130
130,130
130,130
130,130
130,130
131,19
131,19
131,19
131,131
131,131
131,131
131,131
131,131
131,131
131,131
131,131
131,131
131,131
131,131
131,131
131,131
131,131
131,131
131,131
131,131
132,76
132,76
132,76
132,132
132,132
132,132
132,132
132,132
132,132
132,132
132,132
132,132
132,132
132,132
132,132
132,132
132,132
132,132
132,132
132,132
133,102
133,102
133,102
133,133
133,133
133,133
133,133
133,133
133,133
133,133
133,133
133,133
133,133
133,133
133,133
133,133
133,133
133,133
133,133
133,133
134,105
134,105
134,105
134,134
134,134
134,134
134,134
134,134
134,134
134,134
134,134
134,134
134,134
134,134
134,134
134,134
134,134
134,134
134,134
134,134
135,104
135,104
135,104
135,135
135,135
135,135
135,135
135,135
135,135
135,135
135,135
135,135
135,135
135,135
135,135
135,135
135,135
135,135
135,135
135,135
136,103
136,103
136,103
136,136
136,136
136,136
136,136
136,136
136,136
136,136
136,136
136,136
136,136
136,136
136,136
136,136
136,136
136,136
136,136
136,136
137,170
137,170
137,170
137,137
137,137
137,137
137,137
137,137
137,137
137,137
137,137
137,137
137,137
137,137
137,137
137,137
137,137
137,137
137,137
137,137
138,98
138,98
138,98
138,138
138,138
138,138
138,138
138,138
138,138
138,138
138,138
138,138
138,138
138,138
138,138
138,138
138,138
138,138
138,138
138,138
139,99
139,99
139,99
139,139
139,139
139,139
139,139
139,139
139,139
139,139
139,139
139,139
139,139
139,139
139,139
139,139
139,139
139,139
139,139
139,139
140,90
140,90
140,90
140,140
140,140
140,140
140,140
140,140
140,140
140,140
140,140
140,140
140,140
140,140
140,140
140,140
140,140
140,140
140,140
140,140
141,91
141,91
141,91
141,141
141,141
141,141
141,141
141,141
141,141
141,141
141,141
141,141
141,141
141,141
141,141
141,141
141,141
141,141
141,141
141,141
142,171
142,171
142,171
142,142
142,142
142,142
142,142
142,142
142,142
142,142
142,142
142,142
142,142
142,142
142,142
142,142
142,142
142,142
142,142
142,142
143,132
143,132
143,132
143,143
143,143
143,143
143,143
143,143
143,143
143,143
143,143
143,143
143,143
143,143
143,143
143,143
143,143
143,143
143,143
143,143
144,74
144,74
144,74
144,144
144,144
144,144
144,144
144,144
144,144
144,144
144,144
144,144
144,144
144,144
144,144
144,144
144,144
144,144
144,144
144,144
145,75
145,75
145,75
145,145
145,145
145,145
145,145
145,145
145,145
145,145
145,145
145,145
145,145
145,145
145,145
145,145
145,145
145,145
145,145
145,145
146,73
146,73
146,73
146,146
146,146
146,146
146,146
146,146
146,146
146,146
146,146
146,146
146,146
146,146
146,146
146,146
146,146
146,146
146,146
146,146
147,88
147,88
147,88
147,147
147,147
147,147
147,147
147,147
147,147
147,147
147,147
147,147
147,147
147,147
147,147
147,147
147,147
147,147
147,147
147,147
148,89
148,89
148,89
148,148
148,148
148,148
148,148
148,148
148,148
148,148
148,148
148,148
148,148
148,148
148,148
148,148
148,148
148,148
148,148
148,148
149,66
149,66
149,66
149,149
149,149
149,149
149,149
149,149
149,149
149,149
149,149
149,149
149,149
149,149
149,149
149,149
149,149
149,149
149,149
149,149
150,131
150,131
150,131
150,150
150,150
150,150
150,150
150,150
150,150
150,150
150,150
150,150
150,150
150,150
150,150
150,150
150,150
150,150
150,150
150,150
151,21
151,21
151,21
151,151
151,151
151,151
151,151
151,151
151,151
151,151
151,151
151,151
151,151
151,151
151,151
151,151
151,151
151,151
151,151
151,151
152,152
152,152
152,152
152,152
152,152
152,152
152,152
152,152
152,152
152,152
152,152
152,152
152,152
152,152
152,152
152,152
152,152
153,153
153,153
153,153
153,153
153,153
153,153
153,153
153,153
153,153
153,153
153,153
153,153
153,153
153,153
153,153
153,153
153,153
154,154
154,154
154,154
154,154
154,154
154,154
154,154
154,154
154,154
154,154
154,154
154,154
154,154
154,154
154,154
154,154
154,154
155,155
155,155
155,155
155,155
155,155
155,155
155,155
155,155
155,155
155,155
155,155
155,155
155,155
155,155
155,155
155,155
155,155
156,156
156,156
156,156
156,156
156,156
156,156
156,156
156,156
156,156
156,156
156,156
156,156
156,156
156,156
156,156
156,156
156,156
157,157
157,157
157,157
157,157
157,157
157,157
157,157
157,157
157,157
157,157
157,157
157,157
157,157
157,157
157,157
157,157
157,157
158,158
158,158
158,158
158,158
158,158
158,158
158,158
158,158
158,158
158,158
158,158
158,158
158,158
158,158
158,158
158,158
158,158
159,159
159,159
159,159
159,159
159,159
159,159
159,159
159,159
159,159
159,159
159,159
159,159
159,159
159,159
159,159
159,159
159,159
160,160
160,160
160,160
160,160
160,160
160,160
160,160
160,160
160,160
160,160
160,160
160,160
160,160
160,160
160,160
160,160
160,160
161,161
161,161
161,161
161,161
161,161
161,161
161,161
161,161
161,161
161,161
161,161
161,161
161,161
161,161
161,161
161,161
161,161
162,162
162,162
162,162
162,162
162,162
162,162
162,162
162,162
162,162
162,162
162,162
162,162
162,162
162,162
162,162
162,162
162,162
163,163
163,163
163,163
163,163
163,163
163,163
163,163
163,163
163,163
163,163
163,163
163,163
163,163
163,163
163,163
163,163
163,163
164,164
164,164
164,164
164,164
164,164
164,164
164,164
164,164
164,164
164,164
164,164
164,164
164,164
164,164
164,164
164,164
164,164
165,165
165,165
165,165
165,165
165,165
165,165
165,165
165,165
165,165
165,165
165,165
165,165
165,165
165,165
165,165
165,165
165,165
166,166
166,166
166,166
166,166
166,166
166,166
166,166
166,166
166,166
166,166
166,166
166,166
166,166
166,166
166,166
166,166
166,166
167,167
167,167
167,167
167,167
167,167
167,167
167,167
167,167
167,167
167,167
167,167
167,167
167,167
167,167
167,167
167,167
167,167
168,168
168,168
168,168
168,168
168,168
168,168
168,168
168,168
168,168
168,168
168,168
168,168
168,168
168,168
168,168
168,168
168,168
169,169
169,169
169,169
169,169
169,169
169,169
169,169
169,169
169,169
169,169
169,169
169,169
169,169
169,169
169,169
169,169
169,169
170,170
170,170
170,170
170,170
170,170
170,170
170,170
170,170
170,170
170,170
170,170
170,170
170,170
170,170
170,170
170,170
170,170
171,171
171,171
171,171
171,171
171,171
171,171
171,171
171,171
171,171
171,171
171,171
171,171
171,171
171,171
171,171
171,171
171,171
172,172
172,172
172,172
172,172
172,172
172,172
172,172
172,172
172,172
172,172
172,172
172,172
172,172
172,172
172,172
172,172
172,172
173,173
173,173
173,173
173,173
173,173
173,173
173,173
173,173
173,173
173,173
173,173
173,173
173,173
173,173
173,173
173,173
173,173
174,174
174,174
174,174
174,174
174,174
174,174
174,174
174,174
174,174
174,174
174,174
174,174
174,174
174,174
174,174
174,174
174,174
175,175
175,175
175,175
175,175
175,175
175,175
175,175
175,175
175,175
175,175
175,175
175,175
175,175
175,175
175,175
175,175
175,175
176,176
176,176
176,176
176,176
176,176
176,176
176,176
176,176
176,176
176,176
176,176
176,176
176,176
176,176
176,176
176,176
176,176
177,177
177,177
177,177
177,177
177,177
177,177
177,177
177,177
177,177
177,177
177,177
177,177
177,177
177,177
177,177
177,177
177,177
178,178
178,178
178,178
178,178
178,178
178,178
178,178
178,178
178,178
178,178
178,178
178,178
178,178
178,178
178,178
178,178
178,178
179,179
179,179
179,179
179,179
179,179
179,179
179,179
179,179
179,179
179,179
179,179
179,179
179,179
179,179
179,179
179,179
179,179
180,180
180,180
180,180
180,180
180,180
180,180
180,180
180,180
180,180
180,180
180,180
180,180
180,180
180,180
180,180
180,180
180,180
181,181
181,181
181,181
181,181
181,181
181,181
181,181
181,181
181,181
181,181
181,181
181,181
181,181
181,181
181,181
181,181
181,181
182,182
182,182
182,182
182,182
182,182
182,182
182,182
182,182
182,182
182,182
182,182
182,182
182,182
182,182
182,182
182,182
182,182
183,183
183,183
183,183
183,183
183,183
183,183
183,183
183,183
183,183
183,183
183,183
183,183
183,183
183,183
183,183
183,183
183,183
184,184
184,184
184,184
184,184
184,184
184,184
184,184
184,184
184,184
184,184
184,184
184,184
184,184
184,184
184,184
184,184
184,184
185,185
185,185
185,185
185,185
185,185
185,185
185,185
185,185
185,185
185,185
185,185
185,185
185,185
185,185
185,185
185,185
185,185
186,186
186,186
186,186
186,186
186,186
186,186
186,186
186,186
186,186
186,186
186,186
186,186
186,186
186,186
186,186
186,186
186,186
187,187
187,187
187,187
187,187
187,187
187,187
187,187
187,187
187,187
187,187
187,187
187,187
187,187
187,187
187,187
187,187
187,187
188,188
188,188
188,188
188,188
188,188
188,188
188,188
188,188
188,188
188,188
188,188
188,188
188,188
188,188
188,188
188,188
188,188
189,189
189,189
189,189
189,189
189,189
189,189
189,189
189,189
189,189
189,189
189,189
189,189
189,189
189,189
189,189
189,189
189,189
190,190
190,190
190,190
190,190
190,190
190,190
190,190
190,190
190,190
190,190
190,190
190,190
190,190
190,190
190,190
190,190
190,190
191,191
191,191
191,191
191,191
191,191
191,191
191,191
191,191
191,191
191,191
191,191
191,191
191,191
191,191
191,191
191,191
191,191
192,192
192,192
192,192
192,192
192,192
192,192
192,192
192,192
192,192
192,192
192,192
192,192
192,192
192,192
192,192
192,192
192,192
193,193
193,193
193,193
193,193
193,193
193,193
193,193
193,193
193,193
193,193
193,193
193,193
193,193
193,193
193,193
193,193
193,193
194,194
194,194
194,194
194,194
194,194
194,194
194,194
194,194
194,194
194,194
194,194
194,194
194,194
194,194
194,194
194,194
194,194
195,195
195,195
195,195
195,195
195,195
195,195
195,195
195,195
195,195
195,195
195,195
195,195
195,195
195,195
195,195
195,195
195,195
196,196
196,196
196,196
196,196
196,196
196,196
196,196
196,196
196,196
196,196
196,196
196,196
196,196
196,196
196,196
196,196
196,196
197,197
197,197
197,197
197,197
197,197
197,197
197,197
197,197
197,197
197,197
197,197
197,197
197,197
197,197
197,197
197,197
197,197
198,198
198,198
198,198
198,198
198,198
198,198
198,198
198,198
198,198
198,198
198,198
198,198
198,198
198,198
198,198
198,198
198,198
199,199
199,199
199,199
199,199
199,199
199,199
199,199
199,199
199,199
199,199
199,199
199,199
199,199
199,199
199,199
199,199
199,199
200,200
200,200
200,200
200,200
200,200
200,200
200,200
200,200
200,200
200,200
200,200
200,200
200,200
200,200
200,200
200,200
200,200
201,201
201,201
201,201
201,201
201,201
201,201
201,201
201,201
201,201
201,201
201,201
201,201
201,201
201,201
201,201
201,201
201,201
202,202
202,202
202,202
202,202
202,202
202,202
202,202
202,202
202,202
202,202
202,202
202,202
202,202
202,202
202,202
202,202
202,202
203,203
203,203
203,203
203,203
203,203
203,203
203,203
203,203
203,203
203,203
203,203
203,203
203,203
203,203
203,203
203,203
203,203
204,204
204,204
204,204
204,204
204,204
204,204
204,204
204,204
204,204
204,204
204,204
204,204
204,204
204,204
204,204
204,204
204,204
205,205
205,205
205,205
205,205
205,205
205,205
205,205
205,205
205,205
205,205
205,205
205,205
205,205
205,205
205,205
205,205
205,205
206,206
206,206
206,206
206,206
206,206
206,206
206,206
206,206
206,206
206,206
206,206
206,206
206,206
206,206
206,206
206,206
206,206
207,207
207,207
207,207
207,207
207,207
207,207
207,207
207,207
207,207
207,207
207,207
207,207
207,207
207,207
207,207
207,207
207,207
208,208
208,208
208,208
208,208
208,208
208,208
208,208
208,208
208,208
208,208
208,208
208,208
208,208
208,208
208,208
208,208
208,208
209,209
209,209
209,209
209,209
209,209
209,209
209,209
209,209
209,209
209,209
209,209
209,209
209,209
209,209
209,209
209,209
209,209
210,210
210,210
210,210
210,210
210,210
210,210
210,210
210,210
210,210
210,210
210,210
210,210
210,210
210,210
210,210
210,210
210,210
211,211
211,211
211,211
211,211
211,211
211,211
211,211
211,211
211,211
211,211
211,211
211,211
211,211
211,211
211,211
211,211
211,211
212,212
212,212
212,212
212,212
212,212
212,212
212,212
212,212
212,212
212,212
212,212
212,212
212,212
212,212
212,212
212,212
212,212
213,213
213,213
213,213
213,213
213,213
213,213
213,213
213,213
213,213
213,213
213,213
213,213
213,213
213,213
213,213
213,213
213,213
214,214
214,214
214,214
214,214
214,214
214,214
214,214
214,214
214,214
214,214
214,214
214,214
214,214
214,214
214,214
214,214
214,214
215,215
215,215
215,215
215,215
215,215
215,215
215,215
215,215
215,215
215,215
215,215
215,215
215,215
215,215
215,215
215,215
215,215
216,216
216,216
216,216
216,216
216,216
216,216
216,216
216,216
216,216
216,216
216,216
216,216
216,216
216,216
216,216
216,216
216,216
217,217
217,217
217,217
217,217
217,217
217,217
217,217
217,217
217,217
217,217
217,217
217,217
217,217
217,217
217,217
217,217
217,217
218,218
218,218
218,218
218,218
218,218
218,218
218,218
218,218
218,218
218,218
218,218
218,218
218,218
218,218
218,218
218,218
218,218
219,219
219,219
219,219
219,219
219,219
219,219
219,219
219,219
219,219
219,219
219,219
219,219
219,219
219,219
219,219
219,219
219,219
220,220
220,220
220,220
220,220
220,220
220,220
220,220
220,220
220,220
220,220
220,220
220,220
220,220
220,220
220,220
220,220
220,220
221,221
221,221
221,221
221,221
221,221
221,221
221,221
221,221
221,221
221,221
221,221
221,221
221,221
221,221
221,221
221,221
221,221
222,222
222,222
222,222
222,222
222,222
222,222
222,222
222,222
222,222
222,222
222,222
222,222
222,222
222,222
222,222
222,222
222,222
223,223
223,223
223,223
223,223
223,223
223,223
223,223
223,223
223,223
223,223
223,223
223,223
223,223
223,223
223,223
223,223
223,223
224,224
224,224
224,224
224,224
224,224
224,224
224,224
224,224
224,224
224,224
224,224
224,224
224,224
224,224
224,224
224,224
224,224
225,225
225,225
225,225
225,225
225,225
225,225
225,225
225,225
225,225
225,225
225,225
225,225
225,225
225,225
225,225
225,225
225,225
226,226
226,226
226,226
226,226
226,226
226,226
226,226
226,226
226,226
226,226
226,226
226,226
226,226
226,226
226,226
226,226
226,226
227,227
227,227
227,227
227,227
227,227
227,227
227,227
227,227
227,227
227,227
227,227
227,227
227,227
227,227
227,227
227,227
227,227
228,228
228,228
228,228
228,228
228,228
228,228
228,228
228,228
228,228
228,228
228,228
228,228
228,228
228,228
228,228
228,228
228,228
229,229
229,229
229,229
229,229
229,229
229,229
229,229
229,229
229,229
229,229
229,229
229,229
229,229
229,229
229,229
229,229
229,229
230,230
230,230
230,230
230,230
230,230
230,230
230,230
230,230
230,230
230,230
230,230
230,230
230,230
230,230
230,230
230,230
230,230
231,231
231,231
231,231
231,231
231,231
231,231
231,231
231,231
231,231
231,231
231,231
231,231
231,231
231,231
231,231
231,231
231,231
232,232
232,232
232,232
232,232
232,232
232,232
232,232
232,232
232,232
232,232
232,232
232,232
232,232
232,232
232,232
232,232
232,232
233,233
233,233
233,233
233,233
233,233
233,233
233,233
233,233
233,233
233,233
233,233
233,233
233,233
233,233
233,233
233,233
233,233
234,234
234,234
234,234
234,234
234,234
234,234
234,234
234,234
234,234
234,234
234,234
234,234
234,234
234,234
234,234
234,234
234,234
235,235
235,235
235,235
235,235
235,235
235,235
235,235
235,235
235,235
235,235
235,235
235,235
235,235
235,235
235,235
235,235
235,235
236,236
236,236
236,236
236,236
236,236
236,236
236,236
236,236
236,236
236,236
236,236
236,236
236,236
236,236
236,236
236,236
236,236
237,237
237,237
237,237
237,237
237,237
237,237
237,237
237,237
237,237
237,237
237,237
237,237
237,237
237,237
237,237
237,237
237,237
238,238
238,238
238,238
238,238
238,238
238,238
238,238
238,238
238,238
238,238
238,238
238,238
238,238
238,238
238,238
238,238
238,238
239,239
239,239
239,239
239,239
239,239
239,239
239,239
239,239
239,239
239,239
239,239
239,239
239,239
239,239
239,239
239,239
239,239
240,240
240,240
240,240
240,240
240,240
240,240
240,240
240,240
240,240
240,240
240,240
240,240
240,240
240,240
240,240
240,240
240,240
241,241
241,241
241,241
241,241
241,241
241,241
241,241
241,241
241,241
241,241
241,241
241,241
241,241
241,241
241,241
241,241
241,241
242,242
242,242
242,242
242,242
242,242
242,242
242,242
242,242
242,242
242,242
242,242
242,242
242,242
242,242
242,242
242,242
242,242
243,243
243,243
243,243
243,243
243,243
243,243
243,243
243,243
243,243
243,243
243,243
243,243
243,243
243,243
243,243
243,243
243,243
244,244
244,244
244,244
244,244
244,244
244,244
244,244
244,244
244,244
244,244
244,244
244,244
244,244
244,244
244,244
244,244
244,244
245,245
245,245
245,245
245,245
245,245
245,245
245,245
245,245
245,245
245,245
245,245
245,245
245,245
245,245
245,245
245,245
245,245
246,246
246,246
246,246
246,246
246,246
246,246
246,246
246,246
246,246
246,246
246,246
246,246
246,246
246,246
246,246
246,246
246,246
247,247
247,247
247,247
247,247
247,247
247,247
247,247
247,247
247,247
247,247
247,247
247,247
247,247
247,247
247,247
247,247
247,247
248,248
248,248
248,248
248,248
248,248
248,248
248,248
248,248
248,248
248,248
248,248
248,248
248,248
248,248
248,248
248,248
248,248
249,249
249,249
249,249
249,249
249,249
249,249
249,249
249,249
249,249
249,249
249,249
249,249
249,249
249,249
249,249
249,249
249,249
250,250
250,250
250,250
250,250
250,250
250,250
250,250
250,250
250,250
250,250
250,250
250,250
250,250
250,250
250,250
250,250
250,250
251,251
251,251
251,251
251,251
251,251
251,251
251,251
251,251
251,251
251,251
251,251
251,251
251,251
251,251
251,251
251,251
251,251
252,277
252,277
252,277
252,277
252,277
252,252
252,252
252,252
252,252
252,252
252,252
252,252
252,252
252,252
253,278
253,278
253,278
253,278
253,278
253,253
253,253
253,253
253,253
253,253
253,253
253,253
253,253
253,253
254,279
254,279
254,279
254,279
254,279
254,254
254,254
254,254
254,254
254,254
254,254
254,254
254,254
254,254
255,280
255,280
255,280
255,280
255,280
255,255
255,255
255,255
255,255
255,255
255,255
255,255
255,255
255,255
256,281
256,281
256,281
256,281
256,281
256,256
256,256
256,256
256,256
256,256
256,256
256,256
256,256
256,256
257,282
257,282
257,282
257,282
257,282
257,257
257,257
257,257
257,257
257,257
257,257
257,257
257,257
257,257
258,283
258,283
258,283
258,283
258,283
258,258
258,258
258,258
258,258
258,258
258,258
258,258
258,258
258,258
259,284
259,284
259,284
259,284
259,284
259,259
259,259
259,259
259,259
259,259
259,259
259,259
259,259
259,259
260,285
260,285
260,285
260,285
260,285
260,260
260,260
260,260
260,260
260,260
260,260
260,260
260,260
260,260
261,286
261,286
261,286
261,286
261,286
261,261
261,261
261,261
261,261
261,261
261,261
261,261
261,261
261,261
262,287
262,287
262,287
262,287
262,287
262,262
262,262
262,262
262,262
262,262
262,262
262,262
262,262
262,262
263,288
263,288
263,288
263,288
263,288
263,263
263,263
263,263
263,263
263,263
263,263
263,263
263,263
263,263
264,289
264,289
264,289
264,289
264,289
264,264
264,264
264,264
264,264
264,264
264,264
264,264
264,264
264,264
265,290
265,290
265,290
265,290
265,290
265,265
265,265
265,265
265,265
265,265
265,265
265,265
265,265
265,265
266,291
266,291
266,291
266,291
266,291
266,266
266,266
266,266
266,266
266,266
266,266
266,266
266,266
266,266
267,292
267,292
267,292
267,292
267,292
267,267
267,267
267,267
267,267
267,267
267,267
267,267
267,267
267,267
268,293
268,293
268,293
268,293
268,293
268,268
268,268
268,268
268,268
268,268
268,268
268,268
268,268
268,268
269,294
269,294
269,294
269,294
269,294
269,269
269,269
269,269
269,269
269,269
269,269
269,269
269,269
269,269
270,295
270,295
270,295
270,295
270,295
270,270
270,270
270,270
270,270
270,270
270,270
270,270
270,270
270,270
271,296
271,296
271,296
271,296
271,296
271,271
271,271
271,271
271,271
271,271
271,271
271,271
271,271
271,271
272,297
272,297
272,297
272,297
272,297
272,272
272,272
272,272
272,272
272,272
272,272
272,272
272,272
272,272
273,298
273,298
273,298
273,298
273,298
273,273
273,273
273,273
273,273
273,273
273,273
273,273
273,273
273,273
274,299
274,299
274,299
274,299
274,299
274,274
274,274
274,274
274,274
274,274
274,274
274,274
274,274
274,274
275,300
275,300
275,300
275,300
275,300
275,275
275,275
275,275
275,275
275,275
275,275
275,275
275,275
275,275
276,304
276,304
276,304
276,304
276,304
276,276
276,276
276,276
276,276
276,276
276,276
276,276
276,276
276,276
277,305
277,305
277,305
277,305
277,305
277,277
277,277
277,277
277,277
277,277
277,277
277,277
277,277
277,277
278,309
278,309
278,309
278,309
278,309
278,278
278,278
278,278
278,278
278,278
278,278
278,278
278,278
278,278
279,310
279,310
279,310
279,310
279,310
279,279
279,279
279,279
279,279
279,279
279,279
279,279
279,279
279,279
280,392
280,392
280,392
280,392
280,392
280,280
280,280
280,280
280,280
280,280
280,280
280,280
280,280
280,280
281,393
281,393
281,393
281,393
281,393
281,281
281,281
281,281
281,281
281,281
281,281
281,281
281,281
281,281
282,394
282,394
282,394
282,394
282,394
282,282
282,282
282,282
282,282
282,282
282,282
282,282
282,282
282,282
283,311
283,311
283,311
283,311
283,311
283,283
283,283
283,283
283,283
283,283
283,283
283,283
283,283
283,283
284,312
284,312
284,312
284,312
284,312
284,284
284,284
284,284
284,284
284,284
284,284
284,284
284,284
284,284
285,306
285,306
285,306
285,306
285,306
285,285
285,285
285,285
285,285
285,285
285,285
285,285
285,285
285,285
286,307
286,307
286,307
286,307
286,307
286,286
286,286
286,286
286,286
286,286
286,286
286,286
286,286
286,286
287,364
287,364
287,364
287,364
287,364
287,287
287,287
287,287
287,287
287,287
287,287
287,287
287,287
287,287
288,365
288,365
288,365
288,365
288,365
288,288
288,288
288,288
288,288
288,288
288,288
288,288
288,288
288,288
289,366
289,366
289,366
289,366
289,366
289,289
289,289
289,289
289,289
289,289
289,289
289,289
289,289
289,289
290,301
290,301
290,301
290,301
290,301
290,290
290,290
290,290
290,290
290,290
290,290
290,290
290,290
290,290
291,302
291,302
291,302
291,302
291,302
291,291
291,291
291,291
291,291
291,291
291,291
291,291
291,291
291,291
292,303
292,303
292,303
292,303
292,303
292,292
292,292
292,292
292,292
292,292
292,292
292,292
292,292
292,292
293,370
293,370
293,370
293,370
293,370
293,293
293,293
293,293
293,293
293,293
293,293
293,293
293,293
293,293
294,371
294,371
294,371
294,371
294,371
294,294
294,294
294,294
294,294
294,294
294,294
294,294
294,294
294,294
295,372
295,372
295,372
295,372
295,372
295,295
295,295
295,295
295,295
295,295
295,295
295,295
295,295
295,295
296,335
296,335
296,335
296,335
296,335
296,296
296,296
296,296
296,296
296,296
296,296
296,296
296,296
296,296
297,336
297,336
297,336
297,336
297,336
297,297
297,297
297,297
297,297
297,297
297,297
297,297
297,297
297,297
298,350
298,350
298,350
298,350
298,350
298,298
298,298
298,298
298,298
298,298
298,298
298,298
298,298
298,298
299,320
299,320
299,320
299,320
299,320
299,299
299,299
299,299
299,299
299,299
299,299
299,299
299,299
299,299
300,315
300,315
300,315
300,315
300,315
300,300
300,300
300,300
300,300
300,300
300,300
300,300
300,300
300,300
301,316
301,316
301,316
301,316
301,316
301,301
301,301
301,301
301,301
301,301
301,301
301,301
301,301
301,301
302,322
302,322
302,322
302,322
302,322
302,302
302,302
302,302
302,302
302,302
302,302
302,302
302,302
302,302
303,355
303,355
303,355
303,355
303,355
303,303
303,303
303,303
303,303
303,303
303,303
303,303
303,303
303,303
304,382
304,382
304,382
304,382
304,382
304,304
304,304
304,304
304,304
304,304
304,304
304,304
304,304
304,304
305,383
305,383
305,383
305,383
305,383
305,305
305,305
305,305
305,305
305,305
305,305
305,305
305,305
305,305
306,384
306,384
306,384
306,384
306,384
306,306
306,306
306,306
306,306
306,306
306,306
306,306
306,306
306,306
307,356
307,356
307,356
307,356
307,356
307,307
307,307
307,307
307,307
307,307
307,307
307,307
307,307
307,307
308,357
308,357
308,357
308,357
308,357
308,308
308,308
308,308
308,308
308,308
308,308
308,308
308,308
308,308
309,337
309,337
309,337
309,337
309,337
309,309
309,309
309,309
309,309
309,309
309,309
309,309
309,309
309,309
310,338
310,338
310,338
310,338
310,338
310,310
310,310
310,310
310,310
310,310
310,310
310,310
310,310
310,310
311,353
311,353
311,353
311,353
311,353
311,311
311,311
311,311
311,311
311,311
311,311
311,311
311,311
311,311
312,354
312,354
312,354
312,354
312,354
312,312
312,312
312,312
312,312
312,312
312,312
312,312
312,312
312,312
313,386
313,386
313,386
313,386
313,386
313,313
313,313
313,313
313,313
313,313
313,313
313,313
313,313
313,313
314,387
314,387
314,387
314,387
314,387
314,314
314,314
314,314
314,314
314,314
314,314
314,314
314,314
314,314
315,363
315,363
315,363
315,363
315,363
315,315
315,315
315,315
315,315
315,315
315,315
315,315
315,315
315,315
316,367
316,367
316,367
316,367
316,367
316,316
316,316
316,316
316,316
316,316
316,316
316,316
316,316
316,316
317,368
317,368
317,368
317,368
317,368
317,317
317,317
317,317
317,317
317,317
317,317
317,317
317,317
317,317
318,330
318,330
318,330
318,330
318,330
318,318
318,318
318,318
318,318
318,318
318,318
318,318
318,318
318,318
319,331
319,331
319,331
319,331
319,331
319,319
319,319
319,319
319,319
319,319
319,319
319,319
319,319
319,319
320,313
320,313
320,313
320,313
320,313
320,320
320,320
320,320
320,320
320,320
320,320
320,320
320,320
320,320
321,314
321,314
321,314
321,314
321,314
321,321
321,321
321,321
321,321
321,321
321,321
321,321
321,321
321,321
322,339
322,339
322,339
322,339
322,339
322,322
322,322
322,322
322,322
322,322
322,322
322,322
322,322
322,322
323,340
323,340
323,340
323,340
323,340
323,323
323,323
323,323
323,323
323,323
323,323
323,323
323,323
323,323
324,321
324,321
324,321
324,321
324,321
324,324
324,324
324,324
324,324
324,324
324,324
324,324
324,324
324,324
325,351
325,351
325,351
325,351
325,351
325,325
325,325
325,325
325,325
325,325
325,325
325,325
325,325
325,325
326,352
326,352
326,352
326,352
326,352
326,326
326,326
326,326
326,326
326,326
326,326
326,326
326,326
326,326
327,308
327,308
327,308
327,308
327,308
327,327
327,327
327,327
327,327
327,327
327,327
327,327
327,327
327,327
328,332
328,332
328,332
328,332
328,332
328,328
328,328
328,328
328,328
328,328
328,328
328,328
328,328
328,328
329,333
329,333
329,333
329,333
329,333
329,329
329,329
329,329
329,329
329,329
329,329
329,329
329,329
329,329
330,334
330,334
330,334
330,334
330,334
330,330
330,330
330,330
330,330
330,330
330,330
330,330
330,330
330,330
331,344
331,344
331,344
331,344
331,344
331,331
331,331
331,331
331,331
331,331
331,331
331,331
331,331
331,331
332,345
332,345
332,345
332,345
332,345
332,332
332,332
332,332
332,332
332,332
332,332
332,332
332,332
332,332
333,358
333,358
333,358
333,358
333,358
333,333
333,333
333,333
333,333
333,333
333,333
333,333
333,333
333,333
334,359
334,359
334,359
334,359
334,359
334,334
334,334
334,334
334,334
334,334
334,334
334,334
334,334
334,334
335,380
335,380
335,380
335,380
335,380
335,335
335,335
335,335
335,335
335,335
335,335
335,335
335,335
335,335
336,379
336,379
336,379
336,379
336,379
336,336
336,336
336,336
336,336
336,336
336,336
336,336
336,336
336,336
337,348
337,348
337,348
337,348
337,348
337,337
337,337
337,337
337,337
337,337
337,337
337,337
337,337
337,337
338,349
338,349
338,349
338,349
338,349
338,338
338,338
338,338
338,338
338,338
338,338
338,338
338,338
338,338
339,323
339,323
339,323
339,323
339,323
339,339
339,339
339,339
339,339
339,339
339,339
339,339
339,339
339,339
340,324
340,324
340,324
340,324
340,324
340,340
340,340
340,340
340,340
340,340
340,340
340,340
340,340
340,340
341,326
341,326
341,326
341,326
341,326
341,341
341,341
341,341
341,341
341,341
341,341
341,341
341,341
341,341
342,327
342,327
342,327
342,327
342,327
342,342
342,342
342,342
342,342
342,342
342,342
342,342
342,342
342,342
343,318
343,318
343,318
343,318
343,318
343,343
343,343
343,343
343,343
343,343
343,343
343,343
343,343
343,343
344,319
344,319
344,319
344,319
344,319
344,344
344,344
344,344
344,344
344,344
344,344
344,344
344,344
344,344
345,388
345,388
345,388
345,388
345,388
345,345
345,345
345,345
345,345
345,345
345,345
345,345
345,345
345,345
346,389
346,389
346,389
346,389
346,389
346,346
346,346
346,346
346,346
346,346
346,346
346,346
346,346
346,346
347,390
347,390
347,390
347,390
347,390
347,347
347,347
347,347
347,347
347,347
347,347
347,347
347,347
347,347
348,391
348,391
348,391
348,391
348,391
348,348
348,348
348,348
348,348
348,348
348,348
348,348
348,348
348,348
349,328
349,328
349,328
349,328
349,328
349,349
349,349
349,349
349,349
349,349
349,349
349,349
349,349
349,349
350,329
350,329
350,329
350,329
350,329
350,350
350,350
350,350
350,350
350,350
350,350
350,350
350,350
350,350
351,385
351,385
351,385
351,385
351,385
351,351
351,351
351,351
351,351
351,351
351,351
351,351
351,351
351,351
352,317
352,317
352,317
352,317
352,317
352,352
352,352
352,352
352,352
352,352
352,352
352,352
352,352
352,352
353,377
353,377
353,377
353,377
353,377
353,353
353,353
353,353
353,353
353,353
353,353
353,353
353,353
353,353
354,378
354,378
354,378
354,378
354,378
354,354
354,354
354,354
354,354
354,354
354,354
354,354
354,354
354,354
355,361
355,361
355,361
355,361
355,361
355,355
355,355
355,355
355,355
355,355
355,355
355,355
355,355
355,355
356,362
356,362
356,362
356,362
356,362
356,356
356,356
356,356
356,356
356,356
356,356
356,356
356,356
356,356
357,369
357,369
357,369
357,369
357,369
357,357
357,357
357,357
357,357
357,357
357,357
357,357
357,357
357,357
358,411
358,411
358,411
358,411
358,411
358,358
358,358
358,358
358,358
358,358
358,358
358,358
358,358
358,358
359,376
359,376
359,376
359,376
359,376
359,359
359,359
359,359
359,359
359,359
359,359
359,359
359,359
359,359
360,360
360,360
360,360
360,360
360,360
360,360
360,360
360,360
360,360
360,360
360,360
360,360
360,360
360,360
361,346
361,346
361,346
361,346
361,346
361,361
361,361
361,361
361,361
361,361
361,361
361,361
361,361
361,361
362,347
362,347
362,347
362,347
362,347
362,362
362,362
362,362
362,362
362,362
362,362
362,362
362,362
362,362
363,341
363,341
363,341
363,341
363,341
363,363
363,363
363,363
363,363
363,363
363,363
363,363
363,363
363,363
364,342
364,342
364,342
364,342
364,342
364,364
364,364
364,364
364,364
364,364
364,364
364,364
364,364
364,364
365,343
365,343
365,343
365,343
365,343
365,365
365,365
365,365
365,365
365,365
365,365
365,365
365,365
365,365
366,373
366,373
366,373
366,373
366,373
366,366
366,366
366,366
366,366
366,366
366,366
366,366
366,366
366,366
367,374
367,374
367,374
367,374
367,374
367,367
367,367
367,367
367,367
367,367
367,367
367,367
367,367
367,367
368,375
368,375
368,375
368,375
368,375
368,368
368,368
368,368
368,368
368,368
368,368
368,368
368,368
368,368
369,381
369,381
369,381
369,381
369,381
369,369
369,369
369,369
369,369
369,369
369,369
369,369
369,369
369,369
370,325
370,325
370,325
370,325
370,325
370,370
370,370
370,370
370,370
370,370
370,370
370,370
370,370
370,370
371,395
371,395
371,395
371,395
371,395
371,371
371,371
371,371
371,371
371,371
371,371
371,371
371,371
371,371
372,396
372,396
372,396
372,396
372,396
372,372
372,372
372,372
372,372
372,372
372,372
372,372
372,372
372,372
373,397
373,397
373,397
373,397
373,397
373,373
373,373
373,373
373,373
373,373
373,373
373,373
373,373
373,373
374,398
374,398
374,398
374,398
374,398
374,374
374,374
374,374
374,374
374,374
374,374
374,374
374,374
374,374
375,399
375,399
375,399
375,399
375,399
375,375
375,375
375,375
375,375
375,375
375,375
375,375
375,375
375,375
376,400
376,400
376,400
376,400
376,400
376,376
376,376
376,376
376,376
376,376
376,376
376,376
376,376
376,376
377,401
377,401
377,401
377,401
377,401
377,377
377,377
377,377
377,377
377,377
377,377
377,377
377,377
377,377
378,402
378,402
378,402
378,402
378,402
378,378
378,378
378,378
378,378
378,378
378,378
378,378
378,378
378,378
379,403
379,403
379,403
379,403
379,403
379,379
379,379
379,379
379,379
379,379
379,379
379,379
379,379
379,379
380,407
380,407
380,407
380,407
380,407
380,380
380,380
380,380
380,380
380,380
380,380
380,380
380,380
380,380
381,408
381,408
381,408
381,408
381,408
381,381
381,381
381,381
381,381
381,381
381,381
381,381
381,381
381,381
382,404
382,404
382,404
382,404
382,404
382,382
382,382
382,382
382,382
382,382
382,382
382,382
382,382
382,382
383,405
383,405
383,405
383,405
383,405
383,383
383,383
383,383
383,383
383,383
383,383
383,383
383,383
383,383
384,406
384,406
384,406
384,406
384,406
384,384
384,384
384,384
384,384
384,384
384,384
384,384
384,384
384,384
385,409
385,409
385,409
385,409
385,409
385,385
385,385
385,385
385,385
385,385
385,385
385,385
385,385
385,385
386,410
386,410
386,386
386,386
386,386
386,386
386,386
386,386
386,386
386,386
386,386
387,387
387,387
387,387
387,387
387,387
387,387
387,387
387,387
387,387
388,388
388,388
388,388
388,388
388,388
388,388
388,388
388,388
388,388
389,389
389,389
389,389
389,389
389,389
389,389
389,389
389,389
389,389
390,390
390,390
390,390
390,390
390,390
390,390
390,390
390,390
390,390
391,391
391,391
391,391
391,391
391,391
391,391
391,391
391,391
391,391
392,392
392,392
392,392
392,392
392,392
392,392
392,392
392,392
392,392
393,393
393,393
393,393
393,393
393,393
393,393
393,393
393,393
393,393
394,394
394,394
394,394
394,394
394,394
394,394
394,394
394,394
394,394
395,395
395,395
395,395
395,395
395,395
395,395
395,395
395,395
395,395
396,396
396,396
396,396
396,396
396,396
396,396
396,396
396,396
396,396
397,397
397,397
397,397
397,397
397,397
397,397
397,397
397,397
397,397
398,398
398,398
398,398
398,398
398,398
398,398
398,398
398,398
398,398
399,399
399,399
399,399
399,399
399,399
399,399
399,399
399,399
399,399
400,400
400,400
400,400
400,400
400,400
400,400
400,400
400,400
400,400
401,401
401,401
401,401
401,401
401,401
401,401
401,401
401,401
401,401
402,402
402,402
402,402
402,402
402,402
402,402
402,402
402,402
402,402
403,403
403,403
403,403
403,403
403,403
403,403
403,403
403,403
403,403
404,404
404,404
404,404
404,404
404,404
404,404
404,404
404,404
404,404
405,405
405,405
405,405
405,405
405,405
405,405
405,405
405,405
405,405
406,406
406,406
406,406
406,406
406,406
406,406
406,406
406,406
406,406
407,407
407,407
407,407
407,407
407,407
407,407
407,407
407,407
407,407
408,408
408,408
408,408
408,408
408,408
408,408
408,408
408,408
408,408
409,409
409,409
409,409
409,409
409,409
409,409
409,409
409,409
409,409
410,410
410,410
410,410
410,410
410,410
410,410
410,410
410,410
410,410
411,411
411,411
411,411
411,411
411,411
411,411
411,411
411,411
411,411
412,412
412,412
412,412
412,412
412,412
412,412
412,412
412,412
412,412
413,413
413,413
413,413
413,413
413,413
413,413
413,413
413,413
413,413
414,414
414,414
414,414
414,414
414,414
414,414
414,414
414,414
414,414
415,415
415,415
415,415
415,415
415,415
415,415
415,415
415,415
415,415
416,416
416,416
416,416
416,416
416,416
416,416
416,416
416,416
416,416
417,417
417,417
417,417
417,417
417,417
417,417
417,417
417,417
417,417
418,418
418,418
418,418
418,418
418,418
418,418
418,418
418,418
418,418
419,419
419,419
419,419
419,419
419,419
419,419
419,419
419,419
419,419
420,420
420,420
420,420
420,420
420,420
420,420
420,420
420,420
420,420
421,421
421,421
421,421
421,421
421,421
421,421
421,421
421,421
421,421
422,422
422,422
422,422
422,422
422,422
422,422
422,422
422,422
422,422
423,423
423,423
423,423
423,423
423,423
423,423
423,423
423,423
423,423
424,424
424,424
424,424
424,424
424,424
424,424
424,424
424,424
424,424
425,425
425,425
425,425
425,425
425,425
425,425
425,425
425,425
425,425
426,426
426,426
426,426
426,426
426,426
426,426
426,426
426,426
426,426
427,427
427,427
427,427
427,427
427,427
427,427
427,427
427,427
427,427
428,428
428,428
428,428
428,428
428,428
428,428
428,428
428,428
428,428
429,429
429,429
429,429
429,429
429,429
429,429
429,429
429,429
429,429
430,430
430,430
430,430
430,430
430,430
430,430
430,430
430,430
430,430
431,431
431,431
431,431
431,431
431,431
431,431
431,431
431,431
431,431
432,432
432,432
432,432
432,432
432,432
432,432
432,432
432,432
432,432
433,433
433,433
433,433
433,433
433,433
433,433
433,433
433,433
433,433
434,434
434,434
434,434
434,434
434,434
434,434
434,434
434,434
434,434
435,435
435,435
435,435
435,435
435,435
435,435
435,435
435,435
435,435
436,436
436,436
436,436
436,436
436,436
436,436
436,436
436,436
436,436
437,437
437,437
437,437
437,437
437,437
437,437
437,437
437,437
437,437
438,438
438,438
438,438
438,438
438,438
438,438
438,438
438,438
438,438
439,439
439,439
439,439
439,439
439,439
439,439
439,439
439,439
439,439
440,440
440,440
440,440
440,440
440,440
440,440
440,440
440,440
440,440
441,441
441,441
441,441
441,441
441,441
441,441
441,441
441,441
441,441
442,442
442,442
442,442
442,442
442,442
442,442
442,442
442,442
442,442
443,443
443,443
443,443
443,443
443,443
443,443
443,443
443,443
443,443
444,444
444,444
444,444
444,444
444,444
444,444
444,444
444,444
444,444
445,445
445,445
445,445
445,445
445,445
445,445
445,445
445,445
445,445
446,446
446,446
446,446
446,446
446,446
446,446
446,446
446,446
446,446
447,447
447,447
447,447
447,447
447,447
447,447
447,447
447,447
447,447
448,448
448,448
448,448
448,448
448,448
448,448
448,448
448,448
448,448
449,449
449,449
449,449
449,449
449,449
449,449
449,449
449,449
449,449
450,450
450,450
450,450
450,450
450,450
450,450
450,450
450,450
450,450
451,451
451,451
451,451
451,451
451,451
451,451
451,451
451,451
451,451
452,452
452,452
452,452
452,452
452,452
452,452
452,452
452,452
452,452
453,453
453,453
453,453
453,453
453,453
453,453
453,453
453,453
453,453
454,454
454,454
454,454
454,454
454,454
454,454
454,454
454,454
454,454
455,455
455,455
455,455
455,455
455,455
455,455
455,455
455,455
455,455
456,456
456,456
456,456
456,456
456,456
456,456
456,456
456,456
456,456
457,457
457,457
457,457
457,457
457,457
457,457
457,457
457,457
457,457
458,458
458,458
458,458
458,458
458,458
458,458
458,458
458,458
458,458
459,459
459,459
459,459
459,459
459,459
459,459
459,459
459,459
459,459
460,460
460,460
460,460
460,460
460,460
460,460
460,460
460,460
460,460
461,461
461,461
461,461
461,461
461,461
461,461
461,461
461,461
461,461
462,462
462,462
462,462
462,462
462,462
462,462
462,462
462,462
462,462
463,463
463,463
463,463
463,463
463,463
463,463
463,463
463,463
463,463
464,464
464,464
464,464
464,464
464,464
464,464
464,464
464,464
464,464
465,465
465,465
465,465
465,465
465,465
465,465
465,465
465,465
465,465
466,466
466,466
466,466
466,466
466,466
466,466
466,466
466,466
466,466
467,467
467,467
467,467
467,467
467,467
467,467
467,467
467,467
467,467
468,468
468,468
468,468
468,468
468,468
468,468
468,468
468,468
468,468
469,469
469,469
469,469
469,469
469,469
469,469
469,469
469,469
469,469
470,470
470,470
470,470
470,470
470,470
470,470
470,470
470,470
470,470
471,471
471,471
471,471
471,471
471,471
471,471
471,471
471,471
471,471
472,472
472,472
472,472
472,472
472,472
472,472
472,472
472,472
472,472
473,473
473,473
473,473
473,473
473,473
473,473
473,473
473,473
473,473
474,474
474,474
474,474
474,474
474,474
474,474
474,474
474,474
474,474
475,475
475,475
475,475
475,475
475,475
475,475
475,475
475,475
475,475
476,476
476,476
476,476
476,476
476,476
476,476
476,476
476,476
476,476
477,477
477,477
477,477
477,477
477,477
477,477
477,477
477,477
477,477
478,478
478,478
478,478
478,478
478,478
478,478
478,478
478,478
478,478
479,479
479,479
479,479
479,479
479,479
479,479
479,479
479,479
479,479
480,480
480,480
480,480
480,480
480,480
480,480
480,480
480,480
480,480
481,481
481,481
481,481
481,481
481,481
481,481
481,481
481,481
481,481
482,482
482,482
482,482
482,482
482,482
482,482
482,482
482,482
482,482
483,483
483,483
483,483
483,483
483,483
483,483
483,483
483,483
483,483
484,484
484,484
484,484
484,484
484,484
484,484
484,484
484,484
484,484
485,485
485,485
485,485
485,485
485,485
485,485
485,485
485,485
485,485
486,486
486,486
486,486
486,486
486,486
486,486
486,486
486,486
486,486
487,487
487,487
487,487
487,487
487,487
487,487
487,487
487,487
487,487
488,488
488,488
488,488
488,488
488,488
488,488
488,488
488,488
488,488
489,489
489,489
489,489
489,489
489,489
489,489
489,489
489,489
489,489
490,490
490,490
490,490
490,490
490,490
490,490
490,490
490,490
490,490
491,491
491,491
491,491
491,491
491,491
491,491
491,491
491,491
491,491
492,492
492,492
492,492
492,492
492,492
492,492
492,492
492,492
492,492
493,493
493,493
493,493
493,493
493,493
493,493
493,493
493,493
493,493
494,494
494,494
494,494
494,494
495,495
495,495
495,495
495,495
496,496
496,496
496,496
496,496
497,497
497,497
497,497
497,497
498,498
498,498
498,498
498,498
499,499
499,499
499,499
499,499
500,500
500,500
500,500
500,500
501,501
501,501
501,501
501,501
502,502
502,502
502,502
502,502
503,503
503,503
503,503
503,503
504,504
504,504
504,504
504,504
505,505
505,505
505,505
505,505
506,506
506,506
506,506
506,506
507,507
507,507
507,507
507,507
508,508
508,508
508,508
508,508
509,509
509,509
509,509
509,509
510,510
510,510
510,510
510,510
511,511
511,511
511,511
511,511
512,512
512,512
512,512
512,512
513,513
513,513
513,513
513,513
514,514
514,514
514,514
514,514
515,515
515,515
515,515
515,515
516,516
516,516
516,516
516,516
517,517
517,517
517,517
517,517
518,518
518,518
518,518
518,518
519,519
519,519
519,519
519,519
520,520
520,520
520,520
520,520
521,521
521,521
521,521
521,521
522,522
522,522
522,522
522,522
523,523
523,523
523,523
523,523
524,524
524,524
524,524
524,524
525,525
525,525
525,525
525,525
526,526
526,526
526,526
526,526
527,527
527,527
527,527
527,527
528,528
528,528
528,528
528,528
529,529
529,529
529,529
529,529
530,530
530,530
530,530
530,530
531,531
531,531
531,531
531,531
532,532
532,532
532,532
532,532
533,533
533,533
533,533
533,533
534,534
534,534
534,534
534,534
535,535
535,535
535,535
535,535
536,536
536,536
536,536
536,536
537,537
537,537
537,537
537,537
538,538
538,538
538,538
538,538
539,539
539,539
539,539
539,539
540,540
540,540
540,540
540,540
541,541
541,541
541,541
541,541
542,542
542,542
542,542
542,542
543,543
543,543
543,543
543,543
544,544
544,544
544,544
544,544
545,545
545,545
545,545
545,545
546,546
546,546
546,546
546,546
547,547
547,547
547,547
547,547
548,548
548,548
548,548
548,548
549,549
549,549
549,549
549,549
550,550
550,550
550,550
550,550
551,551
551,551
551,551
551,551
552,552
552,552
552,552
552,552
553,553
553,553
553,553
553,553
554,554
554,554
554,554
554,554
555,555
555,555
555,555
555,555
556,556
556,556
556,556
556,556
557,557
557,557
557,557
557,557
558,558
558,558
558,558
558,558
559,559
559,559
559,559
559,559
560,560
560,560
560,560
560,560
561,561
561,561
561,561
561,561
562,562
562,562
562,562
562,562
563,563
563,563
563,563
563,563
564,564
564,564
564,564
564,564
565,565
565,565
565,565
565,565
566,566
566,566
566,566
566,566
567,567
567,567
567,567
567,567
568,568
568,568
568,568
568,568
569,569
569,569
569,569
569,569
570,570
570,570
570,570
570,570
571,571
571,571
571,571
571,571
572,572
572,572
572,572
572,572
573,573
573,573
573,573
573,573
574,574
574,574
574,574
574,574
575,575
575,575
575,575
575,575
576,576
576,576
576,576
576,576
577,577
577,577
577,577
577,577
578,578
578,578
578,578
578,578
579,579
579,579
579,579
579,579
580,580
580,580
580,580
580,580
581,581
581,581
581,581
581,581
582,582
582,582
582,582
582,582
583,583
583,583
583,583
583,583
584,584
584,584
584,584
584,584
585,585
585,585
585,585
585,585
586,586
586,586
586,586
586,586
587,587
587,587
587,587
587,587
588,588
588,588
588,588
588,588
589,589
589,589
589,589
589,589
590,590
590,590
590,590
590,590
591,591
591,591
591,591
591,591
592,592
592,592
592,592
592,592
593,593
593,593
593,593
593,593
594,594
594,594
594,594
594,594
595,595
595,595
595,595
595,595
596,596
596,596
596,596
596,596
597,597
597,597
597,597
597,597
598,598
598,598
598,598
598,598
599,599
599,599
599,599
599,599
600,600
600,600
600,600
600,600
601,601
601,601
601,601
601,601
602,602
602,602
602,602
602,602
603,603
603,603
603,603
603,603
604,604
604,604
604,604
604,604
605,605
605,605
605,605
605,605
606,606
606,606
606,606
606,606
607,607
607,607
607,607
607,607
608,608
608,608
608,608
608,608
609,609
609,609
609,609
609,609
610,610
610,610
610,610
610,610
611,611
611,611
611,611
611,611
612,612
612,612
612,612
612,612
613,613
613,613
613,613
613,613
614,614
614,614
614,614
614,614
615,615
615,615
615,615
615,615
616,616
616,616
616,616
616,616
617,617
617,617
617,617
617,617
618,618
618,618
618,618
618,618
619,619
619,619
619,619
619,619
620,620
620,620
620,620
620,620
621,621
621,621
621,621
621,621
622,622
622,622
622,622
622,622
623,623
623,623
623,623
623,623
624,624
624,624
624,624
624,624
625,625
625,625
625,625
625,625
626,626
626,626
626,626
626,626
627,627
627,627
627,627
627,627
628,628
628,628
628,628
628,628
629,629
629,629
629,629
629,629
630,630
630,630
630,630
630,630
631,631
631,631
631,631
631,631
632,632
632,632
632,632
632,632
633,633
633,633
633,633
633,633
634,634
634,634
634,634
634,634
635,635
635,635
635,635
635,635
636,636
636,636
636,636
636,636
637,637
637,637
637,637
637,637
638,638
638,638
638,638
638,638
639,639
639,639
639,639
639,639
640,640
640,640
640,640
640,640
641,641
641,641
641,641
641,641
642,642
642,642
642,642
642,642
643,643
643,643
643,643
643,643
644,644
644,644
644,644
644,644
645,645
645,645
645,645
645,645
646,646
646,646
646,646
646,646
647,647
647,647
647,647
647,647
648,648
648,648
648,648
648,648
649,649
649,649
649,649
649,649
10001,410
10001,496
10001,496
10001,496
10001,496
10001,496
10001,650
10001,650
10001,685
10001,685
10002,410
10002,497
10002,497
10002,497
10002,497
10002,497
10002,651
10002,651
10002,686
10002,686
10003,410
10003,498
10003,498
10003,498
10003,498
10003,498
10003,652
10003,652
10003,687
10003,687
10004,499
10004,499
10004,499
10004,499
10004,499
10004,653
10004,653
10004,688
10004,688
10005,500
10005,500
10005,500
10005,500
10005,500
10005,654
10005,654
10005,689
10005,689
10006,502
10006,502
10006,502
10006,655
10006,655
10006,690
10006,690
10007,501
10007,501
10007,501
10007,656
10007,656
10007,691
10007,691
10008,503
10008,503
10008,503
10008,657
10008,657
10008,692
10008,692
10009,504
10009,504
10009,504
10009,658
10009,658
10009,693
10009,693
10010,505
10010,505
10010,505
10010,659
10010,659
10010,694
10010,694
10011,506
10011,506
10011,506
10011,660
10011,660
10011,695
10011,695
10012,507
10012,507
10012,507
10012,661
10012,661
10012,696
10012,696
10013,662
10013,662
10013,697
10013,697
10014,663
10014,663
10014,698
10014,698
10015,664
10015,664
10015,699
10015,699
10016,665
10016,665
10016,700
10016,700
10017,666
10017,666
10017,701
10017,701
10018,667
10018,667
10018,702
10018,702
10019,706
10019,706
10020,707
10020,707
10021,708
10021,708
10022,704
10022,704
10023,703
10023,703
10024,705
10024,705
10064,799
10065,800
10066,801
10067,802
10068,803
10069,804
10070,805
10071,806
10072,807
10073,808
10074,809
10075,810
10076,811
10077,812
10078,813
10079,814
10080,815
10081,816
10082,817
10083,818
10084,819
10085,820
10086,821
10087,822
10088,823
10089,824
10090,825