pokemon_id,stat_id,base_stat
1,1,45
1,2,49
1,3,49
1,4,65
1,5,65
1,6,45
2,1,60
2,2,62
2,3,63
2,4,80
2,5,80
2,6,60
3,1,80
3,2,82
3,3,83
3,4,100
3,5,100
3,6,80
4,1,39
4,2,52
4,3,43
4,4,60
4,5,50
4,6,65
5,1,58
5,2,64
5,3,58
5,4,80
5,5,65
5,6,80
6,1,78
6,2,84
6,3,78
6,4,109
6,5,85
6,6,100
7,1,44
7,2,48
7,3,65
7,4,50
7,5,64
7,6,43
8,1,59
8,2,63
8,3,80
8,4,65
8,5,80
8,6,58
9,1,79
9,2,83
9,3,100
9,4,85
9,5,105
9,6,78
10,1,45
10,2,30
10,3,35
10,4,20
10,5,20
10,6,45
11,1,50
11,2,20
11,3,55
11,4,25
11,5,25
11,6,30
12,1,60
12,2,45
12,3,50
12,4,90
12,5,80
12,6,70
13,1,40
13,2,35
13,3,30
13,4,20
13,5,20
13,6,50
14,1,45
14,2,25
14,3,50
14,4,25
14,5,25
14,6,35
15,1,65
15,2,90
15,3,40
15,4,45
15,5,80
15,6,75
16,1,40
16,2,45
16,3,40
16,4,35
16,5,35
16,6,56
17,1,63
17,2,60
17,3,55
17,4,50
17,5,50
17,6,71
18,1,83
18,2,80
18,3,75
18,4,70
18,5,70
18,6,101
19,1,30
19,2,56
19,3,35
19,4,25
19,5,35
19,6,72
20,1,55
20,2,81
20,3,60
20,4,50
20,5,70
20,6,97
21,1,40
21,2,60
21,3,30
21,4,31
21,5,31
21,6,70
22,1,65
22,2,90
22,3,65
22,4,61
22,5,61
22,6,100
23,1,35
23,2,60
23,3,44
23,4,40
23,5,54
23,6,55
24,1,60
24,2,85
24,3,69
24,4,65
24,5,79
24,6,80
25,1,35
25,2,55
25,3,40
25,4,50
25,5,50
25,6,90
26,1,60
26,2,90
26,3,55
26,4,90
26,5,80
26,6,110
27,1,50
27,2,75
27,3,85
27,4,20
27,5,30
27,6,40
28,1,75
28,2,100
28,3,110
28,4,45
28,5,55
28,6,65
29,1,55
29,2,47
29,3,52
29,4,40
29,5,40
29,6,41
30,1,70
30,2,62
30,3,67
30,4,55
30,5,55
30,6,56
31,1,90
31,2,92
31,3,87
31,4,75
31,5,85
31,6,76
32,1,46
32,2,57
32,3,40
32,4,40
32,5,40
32,6,50
33,1,61
33,2,72
33,3,57
33,4,55
33,5,55
33,6,65
34,1,81
34,2,102
34,3,77
34,4,85
34,5,75
34,6,85
35,1,70
35,2,45
35,3,48
35,4,60
35,5,65
35,6,35
36,1,95
36,2,70
36,3,73
36,4,95
36,5,90
36,6,60
37,1,38
37,2,41
37,3,40
37,4,50
37,5,65
37,6,65
38,1,73
38,2,76
38,3,75
38,4,81
38,5,100
38,6,100
39,1,115
39,2,45
39,3,20
39,4,45
39,5,25
39,6,20
40,1,140
40,2,70
40,3,45
40,4,85
40,5,50
40,6,45
41,1,40
41,2,45
41,3,35
41,4,30
41,5,40
41,6,55
42,1,75
42,2,80
42,3,70
42,4,65
42,5,75
42,6,90
43,1,45
43,2,50
43,3,55
43,4,75
43,5,65
43,6,30
44,1,60
44,2,65
44,3,70
44,4,85
44,5,75
44,6,40
45,1,75
45,2,80
45,3,85
45,4,110
45,5,90
45,6,50
46,1,35
46,2,70
46,3,55
46,4,45
46,5,55
46,6,25
47,1,60
47,2,95
47,3,80
47,4,60
47,5,80
47,6,30
48,1,60
48,2,55
48,3,50
48,4,40
48,5,55
48,6,45
49,1,70
49,2,65
49,3,60
49,4,90
49,5,75
49,6,90
50,1,10
50,2,55
50,3,25
50,4,35
50,5,45
50,6,95
51,1,35
51,2,80
51,3,50
51,4,50
51,5,70
51,6,120
52,1,40
52,2,45
52,3,35
52,4,40
52,5,40
52,6,90
53,1,65
53,2,70
53,3,60
53,4,65
53,5,65
53,6,115
54,1,50
54,2,52
54,3,48
54,4,65
54,5,50
54,6,55
55,1,80
55,2,82
55,3,78
55,4,95
55,5,80
55,6,85
56,1,40
56,2,80
56,3,35
56,4,35
56,5,45
56,6,70
57,1,65
57,2,105
57,3,60
57,4,60
57,5,70
57,6,95
58,1,55
58,2,70
58,3,45
58,4,70
58,5,50
58,6,60
59,1,90
59,2,110
59,3,80
59,4,100
59,5,80
59,6,95
60,1,40
60,2,50
60,3,40
60,4,40
60,5,40
60,6,90
61,1,65
61,2,65
61,3,65
61,4,50
61,5,50
61,6,90
62,1,90
62,2,95
62,3,95
62,4,70
62,5,90
62,6,70
63,1,25
63,2,20
63,3,15
63,4,105
63,5,55
63,6,90
64,1,40
64,2,35
64,3,30
64,4,120
64,5,70
64,6,105
65,1,55
65,2,50
65,3,45
65,4,135
65,5,95
65,6,120
66,1,70
66,2,80
66,3,50
66,4,35
66,5,35
66,6,35
67,1,80
67,2,100
67,3,70
67,4,50
67,5,60
67,6,45
68,1,90
68,2,130
68,3,80
68,4,65
68,5,85
68,6,55
69,1,50
69,2,75
69,3,35
69,4,70
69,5,30
69,6,40
70,1,65
70,2,90
70,3,50
70,4,85
70,5,45
70,6,55
71,1,80
71,2,105
71,3,65
71,4,100
71,5,70
71,6,70
72,1,40
72,2,40
72,3,35
72,4,50
72,5,100
72,6,70
73,1,80
73,2,70
73,3,65
73,4,80
73,5,120
73,6,100
74,1,40
74,2,80
74,3,100
74,4,30
74,5,30
74,6,20
75,1,55
75,2,95
75,3,115
75,4,45
75,5,45
75,6,35
76,1,80
76,2,120
76,3,130
76,4,55
76,5,65
76,6,45
77,1,50
77,2,85
77,3,55
77,4,65
77,5,65
77,6,90
78,1,65
78,2,100
78,3,70
78,4,80
78,5,80
78,6,105
79,1,90
79,2,65
79,3,65
79,4,40
79,5,40
79,6,15
80,1,95
80,2,75
80,3,110
80,4,100
80,5,80
80,6,30
81,1,25
81,2,35
81,3,70
81,4,95
81,5,55
81,6,45
82,1,50
82,2,60
82,3,95
82,4,120
82,5,70
82,6,70
83,1,52
83,2,65
83,3,55
83,4,58
83,5,62
83,6,60
84,1,35
84,2,85
84,3,45
84,4,35
84,5,35
84,6,75
85,1,60
85,2,110
85,3,70
85,4,60
85,5,60
85,6,100
86,1,65
86,2,45
86,3,55
86,4,45
86,5,70
86,6,45
87,1,90
87,2,70
87,3,80
87,4,70
87,5,95
87,6,70
88,1,80
88,2,80
88,3,50
88,4,40
88,5,50
88,6,25
89,1,105
89,2,105
89,3,75
89,4,65
89,5,100
89,6,50
90,1,30
90,2,65
90,3,100
90,4,45
90,5,25
90,6,40
91,1,50
91,2,95
91,3,180
91,4,85
91,5,45
91,6,70
92,1,30
92,2,35
92,3,30
92,4,100
92,5,35
92,6,80
93,1,45
93,2,50
93,3,45
93,4,115
93,5,55
93,6,95
94,1,60
94,2,65
94,3,60
94,4,130
94,5,75
94,6,110
95,1,35
95,2,45
95,3,160
95,4,30
95,5,45
95,6,70
96,1,60
96,2,48
96,3,45
96,4,43
96,5,90
96,6,42
97,1,85
97,2,73
97,3,70
97,4,73
97,5,115
97,6,67
98,1,30
98,2,105
98,3,90
98,4,25
98,5,25
98,6,50
99,1,55
99,2,130
99,3,115
99,4,50
99,5,50
99,6,75
100,1,40
100,2,30
100,3,50
100,4,55
100,5,55
100,6,100
101,1,60
101,2,50
101,3,70
101,4,80
101,5,80
101,6,140
102,1,60
102,2,40
102,3,80
102,4,60
102,5,45
102,6,40
103,1,95
103,2,95
103,3,85
103,4,125
103,5,65
103,6,55
104,1,50
104,2,50
104,3,95
104,4,40
104,5,50
104,6,35
105,1,60
105,2,80
105,3,110
105,4,50
105,5,80
105,6,45
106,1,50
106,2,120
106,3,53
106,4,35
106,5,110
106,6,87
107,1,50
107,2,105
107,3,79
107,4,35
107,5,110
107,6,76
108,1,90
108,2,55
108,3,75
108,4,60
108,5,75
108,6,30
109,1,40
109,2,65
109,3,95
109,4,60
109,5,45
109,6,35
110,1,65
110,2,90
110,3,120
110,4,85
110,5,70
110,6,60
111,1,80
111,2,85
111,3,95
111,4,30
111,5,30
111,6,25
112,1,105
112,2,130
112,3,120
112,4,45
112,5,45
112,6,40
113,1,250
113,2,5
113,3,5
113,4,35
113,5,105
113,6,50
114,1,65
114,2,55
114,3,115
114,4,100
114,5,40
114,6,60
115,1,105
115,2,95
115,3,80
115,4,40
115,5,80
115,6,90
116,1,30
116,2,40
116,3,70
116,4,70
116,5,25
116,6,60
117,1,55
117,2,65
117,3,95
117,4,95
117,5,45
117,6,85
118,1,45
118,2,67
118,3,60
118,4,35
118,5,50
118,6,63
119,1,80
119,2,92
119,3,65
119,4,65
119,5,80
119,6,68
120,1,30
120,2,45
120,3,55
120,4,70
120,5,55
120,6,85
121,1,60
121,2,75
121,3,85
121,4,100
121,5,85
121,6,115
122,1,40
122,2,45
122,3,65
122,4,100
122,5,120
122,6,90
123,1,70
123,2,110
123,3,80
123,4,55
123,5,80
123,6,105
124,1,65
124,2,50
124,3,35
124,4,115
124,5,95
124,6,95
125,1,65
125,2,83
125,3,57
125,4,95
125,5,85
125,6,105
126,1,65
126,2,95
126,3,57
126,4,100
126,5,85
126,6,93
127,1,65
127,2,125
127,3,100
127,4,55
127,5,70
127,6,85
128,1,75
128,2,100
128,3,95
128,4,40
128,5,70
128,6,110
129,1,20
129,2,10
129,3,55
129,4,15
129,5,20
129,6,80
130,1,95
130,2,125
130,3,79
130,4,60
130,5,100
130,6,81
131,1,130
131,2,85
131,3,80
131,4,85
131,5,95
131,6,60
132,1,48
132,2,48
132,3,48
132,4,48
132,5,48
132,6,48
133,1,55
133,2,55
133,3,50
133,4,45
133,5,65
133,6,55
134,1,130
134,2,65
134,3,60
134,4,110
134,5,95
134,6,65
135,1,65
135,2,65
135,3,60
135,4,110
135,5,95
135,6,130
136,1,65
136,2,130
136,3,60
136,4,95
136,5,110
136,6,65
137,1,65
137,2,60
137,3,70
137,4,85
137,5,75
137,6,40
138,1,35
138,2,40
138,3,100
138,4,90
138,5,55
138,6,35
139,1,70
139,2,60
139,3,125
139,4,115
139,5,70
139,6,55
140,1,30
140,2,80
140,3,90
140,4,55
140,5,45
140,6,55
141,1,60
141,2,115
141,3,105
141,4,65
141,5,70
141,6,80
142,1,80
142,2,105
142,3,65
142,4,60
142,5,75
142,6,130
143,1,160
143,2,110
143,3,65
143,4,65
143,5,110
143,6,30
144,1,90
144,2,85
144,3,100
144,4,95
144,5,125
144,6,85
145,1,90
145,2,90
145,3,85
145,4,125
145,5,90
145,6,100
146,1,90
146,2,100
146,3,90
146,4,125
146,5,85
146,6,90
147,1,41
147,2,64
147,3,45
147,4,50
147,5,50
147,6,50
148,1,61
148,2,84
148,3,65
148,4,70
148,5,70
148,6,70
149,1,91
149,2,134
149,3,95
149,4,100
149,5,100
149,6,80
150,1,106
150,2,110
150,3,90
150,4,154
150,5,90
150,6,130
151,1,100
151,2,100
151,3,100
151,4,100
151,5,100
151,6,100
152,1,45
152,2,49
152,3,65
152,4,49
152,5,65
152,6,45
153,1,60
153,2,62
153,3,80
153,4,63
153,5,80
153,6,60
154,1,80
154,2,82
154,3,100
154,4,83
154,5,100
154,6,80
155,1,39
155,2,52
155,3,43
155,4,60
155,5,50
155,6,65
156,1,58
156,2,64
156,3,58
156,4,80
156,5,65
156,6,80
157,1,78
157,2,84
157,3,78
157,4,109
157,5,85
157,6,100
158,1,50
158,2,65
158,3,64
158,4,44
158,5,48
158,6,43
159,1,65
159,2,80
159,3,80
159,4,59
159,5,63
159,6,58
160,1,85
160,2,105
160,3,100
160,4,79
160,5,83
160,6,78
161,1,35
161,2,46
161,3,34
161,4,35
161,5,45
161,6,20
162,1,85
162,2,76
162,3,64
162,4,45
162,5,55
162,6,90
163,1,60
163,2,30
163,3,30
163,4,36
163,5,56
163,6,50
164,1,100
164,2,50
164,3,50
164,4,76
164,5,96
164,6,70
165,1,40
165,2,20
165,3,30
165,4,40
165,5,80
165,6,55
166,1,55
166,2,35
166,3,50
166,4,55
166,5,110
166,6,85
167,1,40
167,2,60
167,3,40
167,4,40
167,5,40
167,6,30
168,1,70
168,2,90
168,3,70
168,4,60
168,5,60
168,6,40
169,1,85
169,2,90
169,3,80
169,4,70
169,5,80
169,6,130
170,1,75
170,2,38
170,3,38
170,4,56
170,5,56
170,6,67
171,1,125
171,2,58
171,3,58
171,4,76
171,5,76
171,6,67
172,1,20
172,2,40
172,3,15
172,4,35
172,5,35
172,6,60
173,1,50
173,2,25
173,3,28
173,4,45
173,5,55
173,6,15
174,1,90
174,2,30
174,3,15
174,4,40
174,5,20
174,6,15
175,1,35
175,2,20
175,3,65
175,4,40
175,5,65
175,6,20
176,1,55
176,2,40
176,3,85
176,4,80
176,5,105
176,6,40
177,1,40
177,2,50
177,3,45
177,4,70
177,5,45
177,6,70
178,1,65
178,2,75
178,3,70
178,4,95
178,5,70
178,6,95
179,1,55
179,2,40
179,3,40
179,4,65
179,5,45
179,6,35
180,1,70
180,2,55
180,3,55
180,4,80
180,5,60
180,6,45
181,1,90
181,2,75
181,3,85
181,4,115
181,5,90
181,6,55
182,1,75
182,2,80
182,3,95
182,4,90
182,5,100
182,6,50
183,1,70
183,2,20
183,3,50
183,4,20
183,5,50
183,6,40
184,1,100
184,2,50
184,3,80
184,4,60
184,5,80
184,6,50
185,1,70
185,2,100
185,3,115
185,4,30
185,5,65
185,6,30
186,1,90
186,2,75
186,3,75
186,4,90
186,5,100
186,6,70
187,1,35
187,2,35
187,3,40
187,4,35
187,5,55
187,6,50
188,1,55
188,2,45
188,3,50
188,4,45
188,5,65
188,6,80
189,1,75
189,2,55
189,3,70
189,4,55
189,5,95
189,6,110
190,1,55
190,2,70
190,3,55
190,4,40
190,5,55
190,6,85
191,1,30
191,2,30
191,3,30
191,4,30
191,5,30
191,6,30
192,1,75
192,2,75
192,3,55
192,4,105
192,5,85
192,6,30
193,1,65
193,2,65
193,3,45
193,4,75
193,5,45
193,6,95
194,1,55
194,2,45
194,3,45
194,4,25
194,5,25
194,6,15
195,1,95
195,2,85
195,3,85
195,4,65
195,5,65
195,6,35
196,1,65
196,2,65
196,3,60
196,4,130
196,5,95
196,6,110
197,1,95
197,2,65
197,3,110
197,4,60
197,5,130
197,6,65
198,1,60
198,2,85
198,3,42
198,4,85
198,5,42
198,6,91
199,1,95
199,2,75
199,3,80
199,4,100
199,5,110
199,6,30
200,1,60
200,2,60
200,3,60
200,4,85
200,5,85
200,6,85
201,1,48
201,2,72
201,3,48
201,4,72
201,5,48
201,6,48
202,1,190
202,2,33
202,3,58
202,4,33
202,5,58
202,6,33
203,1,70
203,2,80
203,3,65
203,4,90
203,5,65
203,6,85
204,1,50
204,2,65
204,3,90
204,4,35
204,5,35
204,6,15
205,1,75
205,2,90
205,3,140
205,4,60
205,5,60
205,6,40
206,1,100
206,2,70
206,3,70
206,4,65
206,5,65
206,6,45
207,1,65
207,2,75
207,3,105
207,4,35
207,5,65
207,6,85
208,1,75
208,2,85
208,3,200
208,4,55
208,5,65
208,6,30
209,1,60
209,2,80
209,3,50
209,4,40
209,5,40
209,6,30
210,1,90
210,2,120
210,3,75
210,4,60
210,5,60
210,6,45
211,1,65
211,2,95
211,3,75
211,4,55
211,5,55
211,6,85
212,1,70
212,2,130
212,3,100
212,4,55
212,5,80
212,6,65
213,1,20
213,2,10
213,3,230
213,4,10
213,5,230
213,6,5
214,1,80
214,2,125
214,3,75
214,4,40
214,5,95
214,6,85
215,1,55
215,2,95
215,3,55
215,4,35
215,5,75
215,6,115
216,1,60
216,2,80
216,3,50
216,4,50
216,5,50
216,6,40
217,1,90
217,2,130
217,3,75
217,4,75
217,5,75
217,6,55
218,1,40
218,2,40
218,3,40
218,4,70
218,5,40
218,6,20
219,1,50
219,2,50
219,3,120
219,4,80
219,5,80
219,6,30
220,1,50
220,2,50
220,3,40
220,4,30
220,5,30
220,6,50
221,1,100
221,2,100
221,3,80
221,4,60
221,5,60
221,6,50
222,1,55
222,2,55
222,3,85
222,4,65
222,5,85
222,6,35
223,1,35
223,2,65
223,3,35
223,4,65
223,5,35
223,6,65
224,1,75
224,2,105
224,3,75
224,4,105
224,5,75
224,6,45
225,1,45
225,2,55
225,3,45
225,4,65
225,5,45
225,6,75
226,1,65
226,2,40
226,3,70
226,4,80
226,5,140
226,6,70
227,1,65
227,2,80
227,3,140
227,4,40
227,5,70
227,6,70
228,1,45
228,2,60
228,3,30
228,4,80
228,5,50
228,6,65
229,1,75
229,2,90
229,3,50
229,4,110
229,5,80
229,6,95
230,1,75
230,2,95
230,3,95
230,4,95
230,5,95
230,6,85
231,1,90
231,2,60
231,3,60
231,4,40
231,5,40
231,6,40
232,1,90
232,2,120
232,3,120
232,4,60
232,5,60
232,6,50
233,1,85
233,2,80
233,3,90
233,4,105
233,5,95
233,6,60
234,1,73
234,2,95
234,3,62
234,4,85
234,5,65
234,6,85
235,1,55
235,2,20
235,3,35
235,4,20
235,5,45
235,6,75
236,1,35
236,2,35
236,3,35
236,4,35
236,5,35
236,6,35
237,1,50
237,2,95
237,3,95
237,4,35
237,5,110
237,6,70
238,1,45
238,2,30
238,3,15
238,4,85
238,5,65
238,6,65
239,1,45
239,2,63
239,3,37
239,4,65
239,5,55
239,6,95
240,1,45
240,2,75
240,3,37
240,4,70
240,5,55
240,6,83
241,1,95
241,2,80
241,3,105
241,4,40
241,5,70
241,6,100
242,1,255
242,2,10
242,3,10
242,4,75
242,5,135
242,6,55
243,1,90
243,2,85
243,3,75
243,4,115
243,5,100
243,6,115
244,1,115
244,2,115
244,3,85
244,4,90
244,5,75
244,6,100
245,1,100
245,2,75
245,3,115
245,4,90
245,5,115
245,6,85
246,1,50
246,2,64
246,3,50
246,4,45
246,5,50
246,6,41
247,1,70
247,2,84
247,3,70
247,4,65
247,5,70
247,6,51
248,1,100
248,2,134
248,3,110
248,4,95
248,5,100
248,6,61
249,1,106
249,2,90
249,3,130
249,4,90
249,5,154
249,6,110
250,1,106
250,2,130
250,3,90
250,4,110
250,5,154
250,6,90
251,1,100
251,2,100
251,3,100
251,4,100
251,5,100
251,6,100
252,1,40
252,2,45
252,3,35
252,4,65
252,5,55
252,6,70
253,1,50
253,2,65
253,3,45
253,4,85
253,5,65
253,6,95
254,1,70
254,2,85
254,3,65
254,4,105
254,5,85
254,6,120
255,1,45
255,2,60
255,3,40
255,4,70
255,5,50
255,6,45
256,1,60
256,2,85
256,3,60
256,4,85
256,5,60
256,6,55
257,1,80
257,2,120
257,3,70
257,4,110
257,5,70
257,6,80
258,1,50
258,2,70
258,3,50
258,4,50
258,5,50
258,6,40
259,1,70
259,2,85
259,3,70
259,4,60
259,5,70
259,6,50
260,1,100
260,2,110
260,3,90
260,4,85
260,5,90
260,6,60
261,1,35
261,2,55
261,3,35
261,4,30
261,5,30
261,6,35
262,1,70
262,2,90
262,3,70
262,4,60
262,5,60
262,6,70
263,1,38
263,2,30
263,3,41
263,4,30
263,5,41
263,6,60
264,1,78
264,2,70
264,3,61
264,4,50
264,5,61
264,6,100
265,1,45
265,2,45
265,3,35
265,4,20
265,5,30
265,6,20
266,1,50
266,2,35
266,3,55
266,4,25
266,5,25
266,6,15
267,1,60
267,2,70
267,3,50
267,4,100
267,5,50
267,6,65
268,1,50
268,2,35
268,3,55
268,4,25
268,5,25
268,6,15
269,1,60
269,2,50
269,3,70
269,4,50
269,5,90
269,6,65
270,1,40
270,2,30
270,3,30
270,4,40
270,5,50
270,6,30
271,1,60
271,2,50
271,3,50
271,4,60
271,5,70
271,6,50
272,1,80
272,2,70
272,3,70
272,4,90
272,5,100
272,6,70
273,1,40
273,2,40
273,3,50
273,4,30
273,5,30
273,6,30
274,1,70
274,2,70
274,3,40
274,4,60
274,5,40
274,6,60
275,1,90
275,2,100
275,3,60
275,4,90
275,5,60
275,6,80
276,1,40
276,2,55
276,3,30
276,4,30
276,5,30
276,6,85
277,1,60
277,2,85
277,3,60
277,4,50
277,5,50
277,6,125
278,1,40
278,2,30
278,3,30
278,4,55
278,5,30
278,6,85
279,1,60
279,2,50
279,3,100
279,4,85
279,5,70
279,6,65
280,1,28
280,2,25
280,3,25
280,4,45
280,5,35
280,6,40
281,1,38
281,2,35
281,3,35
281,4,65
281,5,55
281,6,50
282,1,68
282,2,65
282,3,65
282,4,125
282,5,115
282,6,80
283,1,40
283,2,30
283,3,32
283,4,50
283,5,52
283,6,65
284,1,70
284,2,60
284,3,62
284,4,80
284,5,82
284,6,60
285,1,60
285,2,40
285,3,60
285,4,40
285,5,60
285,6,35
286,1,60
286,2,130
286,3,80
286,4,60
286,5,60
286,6,70
287,1,60
287,2,60
287,3,60
287,4,35
287,5,35
287,6,30
288,1,80
288,2,80
288,3,80
288,4,55
288,5,55
288,6,90
289,1,150
289,2,160
289,3,100
289,4,95
289,5,65
289,6,100
290,1,31
290,2,45
290,3,90
290,4,30
290,5,30
290,6,40
291,1,61
291,2,90
291,3,45
291,4,50
291,5,50
291,6,160
292,1,1
292,2,90
292,3,45
292,4,30
292,5,30
292,6,40
293,1,64
293,2,51
293,3,23
293,4,51
293,5,23
293,6,28
294,1,84
294,2,71
294,3,43
294,4,71
294,5,43
294,6,48
295,1,104
295,2,91
295,3,63
295,4,91
295,5,73
295,6,68
296,1,72
296,2,60
296,3,30
296,4,20
296,5,30
296,6,25
297,1,144
297,2,120
297,3,60
297,4,40
297,5,60
297,6,50
298,1,50
298,2,20
298,3,40
298,4,20
298,5,40
298,6,20
299,1,30
299,2,45
299,3,135
299,4,45
299,5,90
299,6,30
300,1,50
300,2,45
300,3,45
300,4,35
300,5,35
300,6,50
301,1,70
301,2,65
301,3,65
301,4,55
301,5,55
301,6,70
302,1,50
302,2,75
302,3,75
302,4,65
302,5,65
302,6,50
303,1,50
303,2,85
303,3,85
303,4,55
303,5,55
303,6,50
304,1,50
304,2,70
304,3,100
304,4,40
304,5,40
304,6,30
305,1,60
305,2,90
305,3,140
305,4,50
305,5,50
305,6,40
306,1,70
306,2,110
306,3,180
306,4,60
306,5,60
306,6,50
307,1,30
307,2,40
307,3,55
307,4,40
307,5,55
307,6,60
308,1,60
308,2,60
308,3,75
308,4,60
308,5,75
308,6,80
309,1,40
309,2,45
309,3,40
309,4,65
309,5,40
309,6,65
310,1,70
310,2,75
310,3,60
310,4,105
310,5,60
310,6,105
311,1,60
311,2,50
311,3,40
311,4,85
311,5,75
311,6,95
312,1,60
312,2,40
312,3,50
312,4,75
312,5,85
312,6,95
313,1,65
313,2,73
313,3,55
313,4,47
313,5,75
313,6,85
314,1,65
314,2,47
314,3,55
314,4,73
314,5,75
314,6,85
315,1,50
315,2,60
315,3,45
315,4,100
315,5,80
315,6,65
316,1,70
316,2,43
316,3,53
316,4,43
316,5,53
316,6,40
317,1,100
317,2,73
317,3,83
317,4,73
317,5,83
317,6,55
318,1,45
318,2,90
318,3,20
318,4,65
318,5,20
318,6,65
319,1,70
319,2,120
319,3,40
319,4,95
319,5,40
319,6,95
320,1,130
320,2,70
320,3,35
320,4,70
320,5,35
320,6,60
321,1,170
321,2,90
321,3,45
321,4,90
321,5,45
321,6,60
322,1,60
322,2,60
322,3,40
322,4,65
322,5,45
322,6,35
323,1,70
323,2,100
323,3,70
323,4,105
323,5,75
323,6,40
324,1,70
324,2,85
324,3,140
324,4,85
324,5,70
324,6,20
325,1,60
325,2,25
325,3,35
325,4,70
325,5,80
325,6,60
326,1,80
326,2,45
326,3,65
326,4,90
326,5,110
326,6,80
327,1,60
327,2,60
327,3,60
327,4,60
327,5,60
327,6,60
328,1,45
328,2,100
328,3,45
328,4,45
328,5,45
328,6,10
329,1,50
329,2,70
329,3,50
329,4,50
329,5,50
329,6,70
330,1,80
330,2,100
330,3,80
330,4,80
330,5,80
330,6,100
331,1,50
331,2,85
331,3,40
331,4,85
331,5,40
331,6,35
332,1,70
332,2,115
332,3,60
332,4,115
332,5,60
332,6,55
333,1,45
333,2,40
333,3,60
333,4,40
333,5,75
333,6,50
334,1,75
334,2,70
334,3,90
334,4,70
334,5,105
334,6,80
335,1,73
335,2,115
335,3,60
335,4,60
335,5,60
335,6,90
336,1,73
336,2,100
336,3,60
336,4,100
336,5,60
336,6,65
337,1,70
337,2,55
337,3,65
337,4,95
337,5,85
337,6,70
338,1,70
338,2,95
338,3,85
338,4,55
338,5,65
338,6,70
339,1,50
339,2,48
339,3,43
339,4,46
339,5,41
339,6,60
340,1,110
340,2,78
340,3,73
340,4,76
340,5,71
340,6,60
341,1,43
341,2,80
341,3,65
341,4,50
341,5,35
341,6,35
342,1,63
342,2,120
342,3,85
342,4,90
342,5,55
342,6,55
343,1,40
343,2,40
343,3,55
343,4,40
343,5,70
343,6,55
344,1,60
344,2,70
344,3,105
344,4,70
344,5,120
344,6,75
345,1,66
345,2,41
345,3,77
345,4,61
345,5,87
345,6,23
346,1,86
346,2,81
346,3,97
346,4,81
346,5,107
346,6,43
347,1,45
347,2,95
347,3,50
347,4,40
347,5,50
347,6,75
348,1,75
348,2,125
348,3,100
348,4,70
348,5,80
348,6,45
349,1,20
349,2,15
349,3,20
349,4,10
349,5,55
349,6,80
350,1,95
350,2,60
350,3,79
350,4,100
350,5,125
350,6,81
351,1,70
351,2,70
351,3,70
351,4,70
351,5,70
351,6,70
352,1,60
352,2,90
352,3,70
352,4,60
352,5,120
352,6,40
353,1,44
353,2,75
353,3,35
353,4,63
353,5,33
353,6,45
354,1,64
354,2,115
354,3,65
354,4,83
354,5,63
354,6,65
355,1,20
355,2,40
355,3,90
355,4,30
355,5,90
355,6,25
356,1,40
356,2,70
356,3,130
356,4,60
356,5,130
356,6,25
357,1,99
357,2,68
357,3,83
357,4,72
357,5,87
357,6,51
358,1,65
358,2,50
358,3,70
358,4,95
358,5,80
358,6,65
359,1,65
359,2,130
359,3,60
359,4,75
359,5,60
359,6,75
360,1,95
360,2,23
360,3,48
360,4,23
360,5,48
360,6,23
361,1,50
361,2,50
361,3,50
361,4,50
361,5,50
361,6,50
362,1,80
362,2,80
362,3,80
362,4,80
362,5,80
362,6,80
363,1,70
363,2,40
363,3,50
363,4,55
363,5,50
363,6,25
364,1,90
364,2,60
364,3,70
364,4,75
364,5,70
364,6,45
365,1,110
365,2,80
365,3,90
365,4,95
365,5,90
365,6,65
366,1,35
366,2,64
366,3,85
366,4,74
366,5,55
366,6,32
367,1,55
367,2,104
367,3,105
367,4,94
367,5,75
367,6,52
368,1,55
368,2,84
368,3,105
368,4,114
368,5,75
368,6,52
369,1,100
369,2,90
369,3,130
369,4,45
369,5,65
369,6,55
370,1,43
370,2,30
370,3,55
370,4,40
370,5,65
370,6,97
371,1,45
371,2,75
371,3,60
371,4,40
371,5,30
371,6,50
372,1,65
372,2,95
372,3,100
372,4,60
372,5,50
372,6,50
373,1,95
373,2,135
373,3,80
373,4,110
373,5,80
373,6,100
374,1,40
374,2,55
374,3,80
374,4,35
374,5,60
374,6,30
375,1,60
375,2,75
375,3,100
375,4,55
375,5,80
375,6,50
376,1,80
376,2,135
376,3,130
376,4,95
376,5,90
376,6,70
377,1,80
377,2,100
377,3,200
377,4,50
377,5,100
377,6,50
378,1,80
378,2,50
378,3,100
378,4,100
378,5,200
378,6,50
379,1,80
379,2,75
379,3,150
379,4,75
379,5,150
379,6,50
380,1,80
380,2,80
380,3,90
380,4,110
380,5,130
380,6,110
381,1,80
381,2,90
381,3,80
381,4,130
381,5,110
381,6,110
382,1,100
382,2,100
382,3,90
382,4,150
382,5,140
382,6,90
383,1,100
383,2,150
383,3,140
383,4,100
383,5,90
383,6,90
384,1,105
384,2,150
384,3,90
384,4,150
384,5,90
384,6,95
385,1,100
385,2,100
385,3,100
385,4,100
385,5,100
385,6,100
386,1,50
386,2,150
386,3,50
386,4,150
386,5,50
386,6,150
387,1,55
387,2,68
387,3,64
387,4,45
387,5,55
387,6,31
388,1,75
388,2,89
388,3,85
388,4,55
388,5,65
388,6,36
389,1,95
389,2,109
389,3,105
389,4,75
389,5,85
389,6,56
390,1,44
390,2,58
390,3,44
390,4,58
390,5,44
390,6,61
391,1,64
391,2,78
391,3,52
391,4,78
391,5,52
391,6,81
392,1,76
392,2,104
392,3,71
392,4,104
392,5,71
392,6,108
393,1,53
393,2,51
393,3,53
393,4,61
393,5,56
393,6,40
394,1,64
394,2,66
394,3,68
394,4,81
394,5,76
394,6,50
395,1,84
395,2,86
395,3,88
395,4,111
395,5,101
395,6,60
396,1,40
396,2,55
396,3,30
396,4,30
396,5,30
396,6,60
397,1,55
397,2,75
397,3,50
397,4,40
397,5,40
397,6,80
398,1,85
398,2,120
398,3,70
398,4,50
398,5,60
398,6,100
399,1,59
399,2,45
399,3,40
399,4,35
399,5,40
399,6,31
400,1,79
400,2,85
400,3,60
400,4,55
400,5,60
400,6,71
401,1,37
401,2,25
401,3,41
401,4,25
401,5,41
401,6,25
402,1,77
402,2,85
402,3,51
402,4,55
402,5,51
402,6,65
403,1,45
403,2,65
403,3,34
403,4,40
403,5,34
403,6,45
404,1,60
404,2,85
404,3,49
404,4,60
404,5,49
404,6,60
405,1,80
405,2,120
405,3,79
405,4,95
405,5,79
405,6,70
406,1,40
406,2,30
406,3,35
406,4,50
406,5,70
406,6,55
407,1,60
407,2,70
407,3,65
407,4,125
407,5,105
407,6,90
408,1,67
408,2,125
408,3,40
408,4,30
408,5,30
408,6,58
409,1,97
409,2,165
409,3,60
409,4,65
409,5,50
409,6,58
410,1,30
410,2,42
410,3,118
410,4,42
410,5,88
410,6,30
411,1,60
411,2,52
411,3,168
411,4,47
411,5,138
411,6,30
412,1,40
412,2,29
412,3,45
412,4,29
412,5,45
412,6,36
413,1,60
413,2,59
413,3,85
413,4,79
413,5,105
413,6,36
414,1,70
414,2,94
414,3,50
414,4,94
414,5,50
414,6,66
415,1,30
415,2,30
415,3,42
415,4,30
415,5,42
415,6,70
416,1,70
416,2,80
416,3,102
416,4,80
416,5,102
416,6,40
417,1,60
417,2,45
417,3,70
417,4,45
417,5,90
417,6,95
418,1,55
418,2,65
418,3,35
418,4,60
418,5,30
418,6,85
419,1,85
419,2,105
419,3,55
419,4,85
419,5,50
419,6,115
420,1,45
420,2,35
420,3,45
420,4,62
420,5,53
420,6,35
421,1,70
421,2,60
421,3,70
421,4,87
421,5,78
421,6,85
422,1,76
422,2,48
422,3,48
422,4,57
422,5,62
422,6,34
423,1,111
423,2,83
423,3,68
423,4,92
423,5,82
423,6,39
424,1,75
424,2,100
424,3,66
424,4,60
424,5,66
424,6,115
425,1,90
425,2,50
425,3,34
425,4,60
425,5,44
425,6,70
426,1,150
426,2,80
426,3,44
426,4,90
426,5,54
426,6,80
427,1,55
427,2,66
427,3,44
427,4,44
427,5,56
427,6,85
428,1,65
428,2,76
428,3,84
428,4,54
428,5,96
428,6,105
429,1,60
429,2,60
429,3,60
429,4,105
429,5,105
429,6,105
430,1,100
430,2,125
430,3,52
430,4,105
430,5,52
430,6,71
431,1,49
431,2,55
431,3,42
431,4,42
431,5,37
431,6,85
432,1,71
432,2,82
432,3,64
432,4,64
432,5,59
432,6,112
433,1,45
433,2,30
433,3,50
433,4,65
433,5,50
433,6,45
434,1,63
434,2,63
434,3,47
434,4,41
434,5,41
434,6,74
435,1,103
435,2,93
435,3,67
435,4,71
435,5,61
435,6,84
436,1,57
436,2,24
436,3,86
436,4,24
436,5,86
436,6,23
437,1,67
437,2,89
437,3,116
437,4,79
437,5,116
437,6,33
438,1,50
438,2,80
438,3,95
438,4,10
438,5,45
438,6,10
439,1,20
439,2,25
439,3,45
439,4,70
439,5,90
439,6,60
440,1,100
440,2,5
440,3,5
440,4,15
440,5,65
440,6,30
441,1,76
441,2,65
441,3,45
441,4,92
441,5,42
441,6,91
442,1,50
442,2,92
442,3,108
442,4,92
442,5,108
442,6,35
443,1,58
443,2,70
443,3,45
443,4,40
443,5,45
443,6,42
444,1,68
444,2,90
444,3,65
444,4,50
444,5,55
444,6,82
445,1,108
445,2,130
445,3,95
445,4,80
445,5,85
445,6,102
446,1,135
446,2,85
446,3,40
446,4,40
446,5,85
446,6,5
447,1,40
447,2,70
447,3,40
447,4,35
447,5,40
447,6,60
448,1,70
448,2,110
448,3,70
448,4,115
448,5,70
448,6,90
449,1,68
449,2,72
449,3,78
449,4,38
449,5,42
449,6,32
450,1,108
450,2,112
450,3,118
450,4,68
450,5,72
450,6,47
451,1,40
451,2,50
451,3,90
451,4,30
451,5,55
451,6,65
452,1,70
452,2,90
452,3,110
452,4,60
452,5,75
452,6,95
453,1,48
453,2,61
453,3,40
453,4,61
453,5,40
453,6,50
454,1,83
454,2,106
454,3,65
454,4,86
454,5,65
454,6,85
455,1,74
455,2,100
455,3,72
455,4,90
455,5,72
455,6,46
456,1,49
456,2,49
456,3,56
456,4,49
456,5,61
456,6,66
457,1,69
457,2,69
457,3,76
457,4,69
457,5,86
457,6,91
458,1,45
458,2,20
458,3,50
458,4,60
458,5,120
458,6,50
459,1,60
459,2,62
459,3,50
459,4,62
459,5,60
459,6,40
460,1,90
460,2,92
460,3,75
460,4,92
460,5,85
460,6,60
461,1,70
461,2,120
461,3,65
461,4,45
461,5,85
461,6,125
462,1,70
462,2,70
462,3,115
462,4,130
462,5,90
462,6,60
463,1,110
463,2,85
463,3,95
463,4,80
463,5,95
463,6,50
464,1,115
464,2,140
464,3,130
464,4,55
464,5,55
464,6,40
465,1,100
465,2,100
465,3,125
465,4,110
465,5,50
465,6,50
466,1,75
466,2,123
466,3,67
466,4,95
466,5,85
466,6,95
467,1,75
467,2,95
467,3,67
467,4,125
467,5,95
467,6,83
468,1,85
468,2,50
468,3,95
468,4,120
468,5,115
468,6,80
469,1,86
469,2,76
469,3,86
469,4,116
469,5,56
469,6,95
470,1,65
470,2,110
470,3,130
470,4,60
470,5,65
470,6,95
471,1,65
471,2,60
471,3,110
471,4,130
471,5,95
471,6,65
472,1,75
472,2,95
472,3,125
472,4,45
472,5,75
472,6,95
473,1,110
473,2,130
473,3,80
473,4,70
473,5,60
473,6,80
474,1,85
474,2,80
474,3,70
474,4,135
474,5,75
474,6,90
475,1,68
475,2,125
475,3,65
475,4,65
475,5,115
475,6,80
476,1,60
476,2,55
476,3,145
476,4,75
476,5,150
476,6,40
477,1,45
477,2,100
477,3,135
477,4,65
477,5,135
477,6,45
478,1,70
478,2,80
478,3,70
478,4,80
478,5,70
478,6,110
479,1,50
479,2,50
479,3,77
479,4,95
479,5,77
479,6,91
480,1,75
480,2,75
480,3,130
480,4,75
480,5,130
480,6,95
481,1,80
481,2,105
481,3,105
481,4,105
481,5,105
481,6,80
482,1,75
482,2,125
482,3,70
482,4,125
482,5,70
482,6,115
483,1,100
483,2,120
483,3,120
483,4,150
483,5,100
483,6,90
484,1,90
484,2,120
484,3,100
484,4,150
484,5,120
484,6,100
485,1,91
485,2,90
485,3,106
485,4,130
485,5,106
485,6,77
486,1,110
486,2,160
486,3,110
486,4,80
486,5,110
486,6,100
487,1,150
487,2,100
487,3,120
487,4,100
487,5,120
487,6,90
488,1,120
488,2,70
488,3,120
488,4,75
488,5,130
488,6,85
489,1,80
489,2,80
489,3,80
489,4,80
489,5,80
489,6,80
490,1,100
490,2,100
490,3,100
490,4,100
490,5,100
490,6,100
491,1,70
491,2,90
491,3,90
491,4,135
491,5,90
491,6,125
492,1,100
492,2,100
492,3,100
492,4,100
492,5,100
492,6,100
493,1,120
493,2,120
493,3,120
493,4,120
493,5,120
493,6,120
494,1,100
494,2,100
494,3,100
494,4,100
494,5,100
494,6,100
495,1,45
495,2,45
495,3,55
495,4,45
495,5,55
495,6,63
496,1,60
496,2,60
496,3,75
496,4,60
496,5,75
496,6,83
497,1,75
497,2,75
497,3,95
497,4,75
497,5,95
497,6,113
498,1,65
498,2,63
498,3,45
498,4,45
498,5,45
498,6,45
499,1,90
499,2,93
499,3,55
499,4,70
499,5,55
499,6,55
500,1,110
500,2,123
500,3,65
500,4,100
500,5,65
500,6,65
501,1,55
501,2,55
501,3,45
501,4,63
501,5,45
501,6,45
502,1,75
502,2,75
502,3,60
502,4,83
502,5,60
502,6,60
503,1,95
503,2,100
503,3,85
503,4,108
503,5,70
503,6,70
504,1,45
504,2,55
504,3,39
504,4,35
504,5,39
504,6,42
505,1,60
505,2,85
505,3,69
505,4,60
505,5,69
505,6,77
506,1,45
506,2,60
506,3,45
506,4,25
506,5,45
506,6,55
507,1,65
507,2,80
507,3,65
507,4,35
507,5,65
507,6,60
508,1,85
508,2,110
508,3,90
508,4,45
508,5,90
508,6,80
509,1,41
509,2,50
509,3,37
509,4,50
509,5,37
509,6,66
510,1,64
510,2,88
510,3,50
510,4,88
510,5,50
510,6,106
511,1,50
511,2,53
511,3,48
511,4,53
511,5,48
511,6,64
512,1,75
512,2,98
512,3,63
512,4,98
512,5,63
512,6,101
513,1,50
513,2,53
513,3,48
513,4,53
513,5,48
513,6,64
514,1,75
514,2,98
514,3,63
514,4,98
514,5,63
514,6,101
515,1,50
515,2,53
515,3,48
515,4,53
515,5,48
515,6,64
516,1,75
516,2,98
516,3,63
516,4,98
516,5,63
516,6,101
517,1,76
517,2,25
517,3,45
517,4,67
517,5,55
517,6,24
518,1,116
518,2,55
518,3,85
518,4,107
518,5,95
518,6,29
519,1,50
519,2,55
519,3,50
519,4,36
519,5,30
519,6,43
520,1,62
520,2,77
520,3,62
520,4,50
520,5,42
520,6,65
521,1,80
521,2,115
521,3,80
521,4,65
521,5,55
521,6,93
522,1,45
522,2,60
522,3,32
522,4,50
522,5,32
522,6,76
523,1,75
523,2,100
523,3,63
523,4,80
523,5,63
523,6,116
524,1,55
524,2,75
524,3,85
524,4,25
524,5,25
524,6,15
525,1,70
525,2,105
525,3,105
525,4,50
525,5,40
525,6,20
526,1,85
526,2,135
526,3,130
526,4,60
526,5,80
526,6,25
527,1,55
527,2,45
527,3,43
527,4,55
527,5,43
527,6,72
528,1,67
528,2,57
528,3,55
528,4,77
528,5,55
528,6,114
529,1,60
529,2,85
529,3,40
529,4,30
529,5,45
529,6,68
530,1,110
530,2,135
530,3,60
530,4,50
530,5,65
530,6,88
531,1,103
531,2,60
531,3,86
531,4,60
531,5,86
531,6,50
532,1,75
532,2,80
532,3,55
532,4,25
532,5,35
532,6,35
533,1,85
533,2,105
533,3,85
533,4,40
533,5,50
533,6,40
534,1,105
534,2,140
534,3,95
534,4,55
534,5,65
534,6,45
535,1,50
535,2,50
535,3,40
535,4,50
535,5,40
535,6,64
536,1,75
536,2,65
536,3,55
536,4,65
536,5,55
536,6,69
537,1,105
537,2,95
537,3,75
537,4,85
537,5,75
537,6,74
538,1,120
538,2,100
538,3,85
538,4,30
538,5,85
538,6,45
539,1,75
539,2,125
539,3,75
539,4,30
539,5,75
539,6,85
540,1,45
540,2,53
540,3,70
540,4,40
540,5,60
540,6,42
541,1,55
541,2,63
541,3,90
541,4,50
541,5,80
541,6,42
542,1,75
542,2,103
542,3,80
542,4,70
542,5,80
542,6,92
543,1,30
543,2,45
543,3,59
543,4,30
543,5,39
543,6,57
544,1,40
544,2,55
544,3,99
544,4,40
544,5,79
544,6,47
545,1,60
545,2,100
545,3,89
545,4,55
545,5,69
545,6,112
546,1,40
546,2,27
546,3,60
546,4,37
546,5,50
546,6,66
547,1,60
547,2,67
547,3,85
547,4,77
547,5,75
547,6,116
548,1,45
548,2,35
548,3,50
548,4,70
548,5,50
548,6,30
549,1,70
549,2,60
549,3,75
549,4,110
549,5,75
549,6,90
550,1,70
550,2,92
550,3,65
550,4,80
550,5,55
550,6,98
551,1,50
551,2,72
551,3,35
551,4,35
551,5,35
551,6,65
552,1,60
552,2,82
552,3,45
552,4,45
552,5,45
552,6,74
553,1,95
553,2,117
553,3,80
553,4,65
553,5,70
553,6,92
554,1,70
554,2,90
554,3,45
554,4,15
554,5,45
554,6,50
555,1,105
555,2,140
555,3,55
555,4,30
555,5,55
555,6,95
556,1,75
556,2,86
556,3,67
556,4,106
556,5,67
556,6,60
557,1,50
557,2,65
557,3,85
557,4,35
557,5,35
557,6,55
558,1,70
558,2,95
558,3,125
558,4,65
558,5,75
558,6,45
559,1,50
559,2,75
559,3,70
559,4,35
559,5,70
559,6,48
560,1,65
560,2,90
560,3,115
560,4,45
560,5,115
560,6,58
561,1,72
561,2,58
561,3,80
561,4,103
561,5,80
561,6,97
562,1,38
562,2,30
562,3,85
562,4,55
562,5,65
562,6,30
563,1,58
563,2,50
563,3,145
563,4,95
563,5,105
563,6,30
564,1,54
564,2,78
564,3,103
564,4,53
564,5,45
564,6,22
565,1,74
565,2,108
565,3,133
565,4,83
565,5,65
565,6,32
566,1,55
566,2,112
566,3,45
566,4,74
566,5,45
566,6,70
567,1,75
567,2,140
567,3,65
567,4,112
567,5,65
567,6,110
568,1,50
568,2,50
568,3,62
568,4,40
568,5,62
568,6,65
569,1,80
569,2,95
569,3,82
569,4,60
569,5,82
569,6,75
570,1,40
570,2,65
570,3,40
570,4,80
570,5,40
570,6,65
571,1,60
571,2,105
571,3,60
571,4,120
571,5,60
571,6,105
572,1,55
572,2,50
572,3,40
572,4,40
572,5,40
572,6,75
573,1,75
573,2,95
573,3,60
573,4,65
573,5,60
573,6,115
574,1,45
574,2,30
574,3,50
574,4,55
574,5,65
574,6,45
575,1,60
575,2,45
575,3,70
575,4,75
575,5,85
575,6,55
576,1,70
576,2,55
576,3,95
576,4,95
576,5,110
576,6,65
577,1,45
577,2,30
577,3,40
577,4,105
577,5,50
577,6,20
578,1,65
578,2,40
578,3,50
578,4,125
578,5,60
578,6,30
579,1,110
579,2,65
579,3,75
579,4,125
579,5,85
579,6,30
580,1,62
580,2,44
580,3,50
580,4,44
580,5,50
580,6,55
581,1,75
581,2,87
581,3,63
581,4,87
581,5,63
581,6,98
582,1,36
582,2,50
582,3,50
582,4,65
582,5,60
582,6,44
583,1,51
583,2,65
583,3,65
583,4,80
583,5,75
583,6,59
584,1,71
584,2,95
584,3,85
584,4,110
584,5,95
584,6,79
585,1,60
585,2,60
585,3,50
585,4,40
585,5,50
585,6,75
586,1,80
586,2,100
586,3,70
586,4,60
586,5,70
586,6,95
587,1,55
587,2,75
587,3,60
587,4,75
587,5,60
587,6,103
588,1,50
588,2,75
588,3,45
588,4,40
588,5,45
588,6,60
589,1,70
589,2,135
589,3,105
589,4,60
589,5,105
589,6,20
590,1,69
590,2,55
590,3,45
590,4,55
590,5,55
590,6,15
591,1,114
591,2,85
591,3,70
591,4,85
591,5,80
591,6,30
592,1,55
592,2,40
592,3,50
592,4,65
592,5,85
592,6,40
593,1,100
593,2,60
593,3,70
593,4,85
593,5,105
593,6,60
594,1,165
594,2,75
594,3,80
594,4,40
594,5,45
594,6,65
595,1,50
595,2,47
595,3,50
595,4,57
595,5,50
595,6,65
596,1,70
596,2,77
596,3,60
596,4,97
596,5,60
596,6,108
597,1,44
597,2,50
597,3,91
597,4,24
597,5,86
597,6,10
598,1,74
598,2,94
598,3,131
598,4,54
598,5,116
598,6,20
599,1,40
599,2,55
599,3,70
599,4,45
599,5,60
599,6,30
600,1,60
600,2,80
600,3,95
600,4,70
600,5,85
600,6,50
601,1,60
601,2,100
601,3,115
601,4,70
601,5,85
601,6,90
602,1,35
602,2,55
602,3,40
602,4,45
602,5,40
602,6,60
603,1,65
603,2,85
603,3,70
603,4,75
603,5,70
603,6,40
604,1,85
604,2,115
604,3,80
604,4,105
604,5,80
604,6,50
605,1,55
605,2,55
605,3,55
605,4,85
605,5,55
605,6,30
606,1,75
606,2,75
606,3,75
606,4,125
606,5,95
606,6,40
607,1,50
607,2,30
607,3,55
607,4,65
607,5,55
607,6,20
608,1,60
608,2,40
608,3,60
608,4,95
608,5,60
608,6,55
609,1,60
609,2,55
609,3,90
609,4,145
609,5,90
609,6,80
610,1,46
610,2,87
610,3,60
610,4,30
610,5,40
610,6,57
611,1,66
611,2,117
611,3,70
611,4,40
611,5,50
611,6,67
612,1,76
612,2,147
612,3,90
612,4,60
612,5,70
612,6,97
613,1,55
613,2,70
613,3,40
613,4,60
613,5,40
613,6,40
614,1,95
614,2,110
614,3,80
614,4,70
614,5,80
614,6,50
615,1,70
615,2,50
615,3,30
615,4,95
615,5,135
615,6,105
616,1,50
616,2,40
616,3,85
616,4,40
616,5,65
616,6,25
617,1,80
617,2,70
617,3,40
617,4,100
617,5,60
617,6,145
618,1,109
618,2,66
618,3,84
618,4,81
618,5,99
618,6,32
619,1,45
619,2,85
619,3,50
619,4,55
619,5,50
619,6,65
620,1,65
620,2,125
620,3,60
620,4,95
620,5,60
620,6,105
621,1,77
621,2,120
621,3,90
621,4,60
621,5,90
621,6,48
622,1,59
622,2,74
622,3,50
622,4,35
622,5,50
622,6,35
623,1,89
623,2,124
623,3,80
623,4,55
623,5,80
623,6,55
624,1,45
624,2,85
624,3,70
624,4,40
624,5,40
624,6,60
625,1,65
625,2,125
625,3,100
625,4,60
625,5,70
625,6,70
626,1,95
626,2,110
626,3,95
626,4,40
626,5,95
626,6,55
627,1,70
627,2,83
627,3,50
627,4,37
627,5,50
627,6,60
628,1,100
628,2,123
628,3,75
628,4,57
628,5,75
628,6,80
629,1,70
629,2,55
629,3,75
629,4,45
629,5,65
629,6,60
630,1,110
630,2,65
630,3,105
630,4,55
630,5,95
630,6,80
631,1,85
631,2,97
631,3,66
631,4,105
631,5,66
631,6,65
632,1,58
632,2,109
632,3,112
632,4,48
632,5,48
632,6,109
633,1,52
633,2,65
633,3,50
633,4,45
633,5,50
633,6,38
634,1,72
634,2,85
634,3,70
634,4,65
634,5,70
634,6,58
635,1,92
635,2,105
635,3,90
635,4,125
635,5,90
635,6,98
636,1,55
636,2,85
636,3,55
636,4,50
636,5,55
636,6,60
637,1,85
637,2,60
637,3,65
637,4,135
637,5,105
637,6,100
638,1,91
638,2,90
638,3,129
638,4,90
638,5,72
638,6,108
639,1,91
639,2,129
639,3,90
639,4,72
639,5,90
639,6,108
640,1,91
640,2,90
640,3,72
640,4,90
640,5,129
640,6,108
641,1,79
641,2,115
641,3,70
641,4,125
641,5,80
641,6,111
642,1,79
642,2,115
642,3,70
642,4,125
642,5,80
642,6,111
643,1,100
643,2,120
643,3,100
643,4,150
643,5,120
643,6,90
644,1,100
644,2,150
644,3,120
644,4,120
644,5,100
644,6,90
645,1,89
645,2,125
645,3,90
645,4,115
645,5,80
645,6,101
646,1,125
646,2,130
646,3,90
646,4,130
646,5,90
646,6,95
647,1,91
647,2,72
647,3,90
647,4,129
647,5,90
647,6,108
648,1,100
648,2,77
648,3,77
648,4,128
648,5,128
648,6,90
649,1,71
649,2,120
649,3,95
649,4,120
649,5,95
649,6,99
650,1,56
650,2,61
650,3,65
650,4,48
650,5,45
650,6,38
651,1,61
651,2,78
651,3,95
651,4,56
651,5,58
651,6,57
652,1,88
652,2,107
652,3,122
652,4,74
652,5,75
652,6,64
653,1,40
653,2,45
653,3,40
653,4,62
653,5,60
653,6,60
654,1,59
654,2,59
654,3,58
654,4,90
654,5,70
654,6,73
655,1,75
655,2,69
655,3,72
655,4,114
655,5,100
655,6,104
656,1,41
656,2,56
656,3,40
656,4,62
656,5,44
656,6,71
657,1,54
657,2,63
657,3,52
657,4,83
657,5,56
657,6,97
658,1,72
658,2,95
658,3,67
658,4,103
658,5,71
658,6,122
659,1,38
659,2,36
659,3,38
659,4,32
659,5,36
659,6,57
660,1,85
660,2,56
660,3,77
660,4,50
660,5,77
660,6,78
661,1,45
661,2,50
661,3,43
661,4,40
661,5,38
661,6,62
662,1,62
662,2,73
662,3,55
662,4,56
662,5,52
662,6,84
663,1,78
663,2,81
663,3,71
663,4,74
663,5,69
663,6,126
664,1,38
664,2,35
664,3,40
664,4,27
664,5,25
664,6,35
665,1,45
665,2,22
665,3,60
665,4,27
665,5,30
665,6,29
666,1,80
666,2,52
666,3,50
666,4,90
666,5,50
666,6,89
667,1,62
667,2,50
667,3,58
667,4,73
667,5,54
667,6,72
668,1,86
668,2,68
668,3,72
668,4,109
668,5,66
668,6,106
669,1,44
669,2,38
669,3,39
669,4,61
669,5,79
669,6,42
670,1,54
670,2,45
670,3,47
670,4,75
670,5,98
670,6,52
671,1,78
671,2,65
671,3,68
671,4,112
671,5,154
671,6,75
672,1,66
672,2,65
672,3,48
672,4,62
672,5,57
672,6,52
673,1,123
673,2,100
673,3,62
673,4,97
673,5,81
673,6,68
674,1,67
674,2,82
674,3,62
674,4,46
674,5,48
674,6,43
675,1,95
675,2,124
675,3,78
675,4,69
675,5,71
675,6,58
676,1,75
676,2,80
676,3,60
676,4,65
676,5,90
676,6,102
677,1,62
677,2,48
677,3,54
677,4,63
677,5,60
677,6,68
678,1,74
678,2,48
678,3,76
678,4,83
678,5,81
678,6,104
679,1,45
679,2,80
679,3,100
679,4,35
679,5,37
679,6,28
680,1,59
680,2,110
680,3,150
680,4,45
680,5,49
680,6,35
681,1,60
681,2,50
681,3,150
681,4,50
681,5,150
681,6,60
682,1,78
682,2,52
682,3,60
682,4,63
682,5,65
682,6,23
683,1,101
683,2,72
683,3,72
683,4,99
683,5,89
683,6,29
684,1,62
684,2,48
684,3,66
684,4,59
684,5,57
684,6,49
685,1,82
685,2,80
685,3,86
685,4,85
685,5,75
685,6,72
686,1,53
686,2,54
686,3,53
686,4,37
686,5,46
686,6,45
687,1,86
687,2,92
687,3,88
687,4,68
687,5,75
687,6,73
688,1,42
688,2,52
688,3,67
688,4,39
688,5,56
688,6,50
689,1,72
689,2,105
689,3,115
689,4,54
689,5,86
689,6,68
690,1,50
690,2,60
690,3,60
690,4,60
690,5,60
690,6,30
691,1,65
691,2,75
691,3,90
691,4,97
691,5,123
691,6,44
692,1,50
692,2,53
692,3,62
692,4,58
692,5,63
692,6,44
693,1,71
693,2,73
693,3,88
693,4,120
693,5,89
693,6,59
694,1,44
694,2,38
694,3,33
694,4,61
694,5,43
694,6,70
695,1,62
695,2,55
695,3,52
695,4,109
695,5,94
695,6,109
696,1,58
696,2,89
696,3,77
696,4,45
696,5,45
696,6,48
697,1,82
697,2,121
697,3,119
697,4,69
697,5,59
697,6,71
698,1,77
698,2,59
698,3,50
698,4,67
698,5,63
698,6,46
699,1,123
699,2,77
699,3,72
699,4,99
699,5,92
699,6,58
700,1,95
700,2,65
700,3,65
700,4,110
700,5,130
700,6,60
701,1,78
701,2,92
701,3,75
701,4,74
701,5,63
701,6,118
702,1,67
702,2,58
702,3,57
702,4,81
702,5,67
702,6,101
703,1,50
703,2,50
703,3,150
703,4,50
703,5,150
703,6,50
704,1,45
704,2,50
704,3,35
704,4,55
704,5,75
704,6,40
705,1,68
705,2,75
705,3,53
705,4,83
705,5,113
705,6,60
706,1,90
706,2,100
706,3,70
706,4,110
706,5,150
706,6,80
707,1,57
707,2,80
707,3,91
707,4,80
707,5,87
707,6,75
708,1,43
708,2,70
708,3,48
708,4,50
708,5,60
708,6,38
709,1,85
709,2,110
709,3,76
709,4,65
709,5,82
709,6,56
710,1,49
710,2,66
710,3,70
710,4,44
710,5,55
710,6,51
711,1,65
711,2,90
711,3,122
711,4,58
711,5,75
711,6,84
712,1,55
712,2,69
712,3,85
712,4,32
712,5,35
712,6,28
713,1,95
713,2,117
713,3,184
713,4,44
713,5,46
713,6,28
714,1,40
714,2,30
714,3,35
714,4,45
714,5,40
714,6,55
715,1,85
715,2,70
715,3,80
715,4,97
715,5,80
715,6,123
716,1,126
716,2,131
716,3,95
716,4,131
716,5,98
716,6,99
717,1,126
717,2,131
717,3,95
717,4,131
717,5,98
717,6,99
718,1,108
718,2,100
718,3,121
718,4,81
718,5,95
718,6,95
719,1,50
719,2,100
719,3,150
719,4,100
719,5,150
719,6,50
720,1,80
720,2,110
720,3,60
720,4,150
720,5,130
720,6,70
721,1,80
721,2,110
721,3,120
721,4,130
721,5,90
721,6,70
10001,1,50
10001,2,180
10001,3,20
10001,4,180
10001,5,20
10001,6,150
10002,1,50
10002,2,70
10002,3,160
10002,4,70
10002,5,160
10002,6,90
10003,1,50
10003,2,95
10003,3,90
10003,4,95
10003,5,90
10003,6,180
10004,1,60
10004,2,79
10004,3,105
10004,4,59
10004,5,85
10004,6,36
10005,1,60
10005,2,69
10005,3,95
10005,4,69
10005,5,95
10005,6,36
10006,1,100
10006,2,103
10006,3,75
10006,4,120
10006,5,75
10006,6,127
10007,1,150
10007,2,120
10007,3,100
10007,4,120
10007,5,100
10007,6,90
10008,1,50
10008,2,65
10008,3,107
10008,4,105
10008,5,107
10008,6,86
10009,1,50
10009,2,65
10009,3,107
10009,4,105
10009,5,107
10009,6,86
10010,1,50
10010,2,65
10010,3,107
10010,4,105
10010,5,107
10010,6,86
10011,1,50
10011,2,65
10011,3,107
10011,4,105
10011,5,107
10011,6,86
10012,1,50
10012,2,65
10012,3,107
10012,4,105
10012,5,107
10012,6,86
10013,1,70
10013,2,70
10013,3,70
10013,4,70
10013,5,70
10013,6,70
10014,1,70
10014,2,70
10014,3,70
10014,4,70
10014,5,70
10014,6,70
10015,1,70
10015,2,70
10015,3,70
10015,4,70
10015,5,70
10015,6,70
10016,1,70
10016,2,92
10016,3,65
10016,4,80
10016,5,55
10016,6,98
10017,1,105
10017,2,30
10017,3,105
10017,4,140
10017,5,105
10017,6,55
10018,1,100
10018,2,128
10018,3,90
10018,4,77
10018,5,77
10018,6,128
10019,1,79
10019,2,100
10019,3,80
10019,4,110
10019,5,90
10019,6,121
10020,1,79
10020,2,105
10020,3,70
10020,4,145
10020,5,80
10020,6,101
10021,1,89
10021,2,145
10021,3,90
10021,4,105
10021,5,80
10021,6,91
10022,1,125
10022,2,170
10022,3,100
10022,4,120
10022,5,90
10022,6,95
10023,1,125
10023,2,120
10023,3,90
10023,4,170
10023,5,100
10023,6,95
10024,1,91
10024,2,72
10024,3,90
10024,4,129
10024,5,90
10024,6,108
10025,1,74
10025,2,48
10025,3,76
10025,4,83
10025,5,81
10025,6,104
10026,1,60
10026,2,150
10026,3,50
10026,4,150
10026,5,50
10026,6,60
10027,1,44
10027,2,66
10027,3,70
10027,4,44
10027,5,55
10027,6,56
10028,1,54
10028,2,66
10028,3,70
10028,4,44
10028,5,55
10028,6,46
10029,1,59
10029,2,66
10029,3,70
10029,4,44
10029,5,55
10029,6,41
10030,1,55
10030,2,85
10030,3,122
10030,4,58
10030,5,75
10030,6,99
10031,1,75
10031,2,95
10031,3,122
10031,4,58
10031,5,75
10031,6,69
10032,1,85
10032,2,100
10032,3,122
10032,4,58
10032,5,75
10032,6,54
10033,1,80
10033,2,100
10033,3,123
10033,4,122
10033,5,120
10033,6,80
10034,1,78
10034,2,130
10034,3,111
10034,4,130
10034,5,85
10034,6,100
10035,1,78
10035,2,104
10035,3,78
10035,4,159
10035,5,115
10035,6,100
10036,1,79
10036,2,103
10036,3,120
10036,4,135
10036,5,115
10036,6,78
10037,1,55
10037,2,50
10037,3,65
10037,4,175
10037,5,95
10037,6,150
10038,1,60
10038,2,65
10038,3,80
10038,4,170
10038,5,95
10038,6,130
10039,1,105
10039,2,125
10039,3,100
10039,4,60
10039,5,100
10039,6,100
10040,1,65
10040,2,155
10040,3,120
10040,4,65
10040,5,90
10040,6,105
10041,1,95
10041,2,155
10041,3,109
10041,4,70
10041,5,130
10041,6,81
10042,1,80
10042,2,135
10042,3,85
10042,4,70
10042,5,95
10042,6,150
10043,1,106
10043,2,190
10043,3,100
10043,4,154
10043,5,100
10043,6,130
10044,1,106
10044,2,150
10044,3,70
10044,4,194
10044,5,120
10044,6,140
10045,1,90
10045,2,95
10045,3,105
10045,4,165
10045,5,110
10045,6,45
10046,1,70
10046,2,150
10046,3,140
10046,4,65
10046,5,100
10046,6,75
10047,1,80
10047,2,185
10047,3,115
10047,4,40
10047,5,105
10047,6,75
10048,1,75
10048,2,90
10048,3,90
10048,4,140
10048,5,90
10048,6,115
10049,1,100
10049,2,164
10049,3,150
10049,4,95
10049,5,120
10049,6,71
10050,1,80
10050,2,160
10050,3,80
10050,4,130
10050,5,80
10050,6,100
10051,1,68
10051,2,85
10051,3,65
10051,4,165
10051,5,135
10051,6,100
10052,1,50
10052,2,105
10052,3,125
10052,4,55
10052,5,95
10052,6,50
10053,1,70
10053,2,140
10053,3,230
10053,4,60
10053,5,80
10053,6,50
10054,1,60
10054,2,100
10054,3,85
10054,4,80
10054,5,85
10054,6,100
10055,1,70
10055,2,75
10055,3,80
10055,4,135
10055,5,80
10055,6,135
10056,1,64
10056,2,165
10056,3,75
10056,4,93
10056,5,83
10056,6,75
10057,1,65
10057,2,150
10057,3,60
10057,4,115
10057,5,60
10057,6,115
10058,1,108
10058,2,170
10058,3,115
10058,4,120
10058,5,95
10058,6,92
10059,1,70
10059,2,145
10059,3,88
10059,4,140
10059,5,70
10059,6,112
10060,1,90
10060,2,132
10060,3,105
10060,4,132
10060,5,105
10060,6,30
10061,1,74
10061,2,65
10061,3,67
10061,4,125
10061,5,128
10061,6,92
10062,1,80
10062,2,100
10062,3,120
10062,4,140
10062,5,150
10062,6,110
10063,1,80
10063,2,130
10063,3,100
10063,4,160
10063,5,120
10063,6,110
10064,1,100
10064,2,150
10064,3,110
10064,4,95
10064,5,110
10064,6,70
10065,1,70
10065,2,110
10065,3,75
10065,4,145
10065,5,85
10065,6,145
10066,1,50
10066,2,85
10066,3,125
10066,4,85
10066,5,115
10066,6,20
10067,1,75
10067,2,110
10067,3,110
10067,4,110
10067,5,105
10067,6,80
10068,1,68
10068,2,165
10068,3,95
10068,4,65
10068,5,115
10068,6,110
10069,1,103
10069,2,60
10069,3,126
10069,4,80
10069,5,126
10069,6,50
10070,1,70
10070,2,140
10070,3,70
10070,4,110
10070,5,65
10070,6,105
10071,1,95
10071,2,75
10071,3,180
10071,4,130
10071,5,80
10071,6,30
10072,1,75
10072,2,125
10072,3,230
10072,4,55
10072,5,95
10072,6,30
10073,1,83
10073,2,80
10073,3,80
10073,4,135
10073,5,80
10073,6,121
10074,1,80
10074,2,120
10074,3,80
10074,4,120
10074,5,80
10074,6,100
10075,1,50
10075,2,160
10075,3,110
10075,4,160
10075,5,110
10075,6,110
10076,1,80
10076,2,145
10076,3,150
10076,4,105
10076,5,110
10076,6,110
10077,1,100
10077,2,150
10077,3,90
10077,4,180
10077,5,160
10077,6,90
10078,1,100
10078,2,180
10078,3,160
10078,4,150
10078,5,90
10078,6,90
10079,1,105
10079,2,180
10079,3,100
10079,4,180
10079,5,100
10079,6,115
10080,1,35
10080,2,55
10080,3,40
10080,4,50
10080,5,50
10080,6,90
10081,1,35
10081,2,55
10081,3,40
10081,4,50
10081,5,50
10081,6,90
10082,1,35
10082,2,55
10082,3,40
10082,4,50
10082,5,50
10082,6,90
10083,1,35
10083,2,55
10083,3,40
10083,4,50
10083,5,50
10083,6,90
10084,1,35
10084,2,55
10084,3,40
10084,4,50
10084,5,50
10084,6,90
10085,1,35
10085,2,55
10085,3,40
10085,4,50
10085,5,50
10085,6,90
10086,1,80
10086,2,160
10086,3,60
10086,4,170
10086,5,130
10086,6,80
10087,1,70
10087,2,120
10087,3,100
10087,4,145
10087,5,105
10087,6,20
10088,1,65
10088,2,136
10088,3,94
10088,4,54
10088,5,96
10088,6,135
10089,1,95
10089,2,145
10089,3,130
10089,4,120
10089,5,90
10089,6,120
10090,1,65
10090,2,150
10090,3,40
10090,4,15
10090,5,80
10090,6,145